[2025-11-21 15:43:32] local.ERROR: Database file at path [C:\Users\gubez\OneDrive\Área de Trabalho\SPOPWEB_Pokemon_form_Lavaravel\pokemon_mvc\database\database.sqlite] does not exist. Ensure this is an absolute path to the database. (Connection: sqlite, SQL: select * from "sessions" where "id" = 0ymWHvTwlhdg0ZkLyZxYLsz8PLn18q7qSmEOAkVq limit 1) {"exception":"[object] (Illuminate\\Database\\QueryException(code: 0): Database file at path [C:\\Users\\gubez\\OneDrive\\Área de Trabalho\\SPOPWEB_Pokemon_form_Lavaravel\\pokemon_mvc\\database\\database.sqlite] does not exist. Ensure this is an absolute path to the database. (Connection: sqlite, SQL: select * from \"sessions\" where \"id\" = 0ymWHvTwlhdg0ZkLyZxYLsz8PLn18q7qSmEOAkVq limit 1) at C:\\Users\\gubez\\OneDrive\\Área de Trabalho\\SPOPWEB_Pokemon_form_Lavaravel\\pokemon_mvc\\vendor\\laravel\\framework\\src\\Illuminate\\Database\\Connection.php:825)
[stacktrace]
#0 C:\\Users\\gubez\\OneDrive\\Área de Trabalho\\SPOPWEB_Pokemon_form_Lavaravel\\pokemon_mvc\\vendor\\laravel\\framework\\src\\Illuminate\\Database\\Connection.php(779): Illuminate\\Database\\Connection->runQueryCallback('select * from \"...', Array, Object(Closure))
#1 C:\\Users\\gubez\\OneDrive\\Área de Trabalho\\SPOPWEB_Pokemon_form_Lavaravel\\pokemon_mvc\\vendor\\laravel\\framework\\src\\Illuminate\\Database\\Connection.php(398): Illuminate\\Database\\Connection->run('select * from \"...', Array, Object(Closure))
#2 C:\\Users\\gubez\\OneDrive\\Área de Trabalho\\SPOPWEB_Pokemon_form_Lavaravel\\pokemon_mvc\\vendor\\laravel\\framework\\src\\Illuminate\\Database\\Query\\Builder.php(3106): Illuminate\\Database\\Connection->select('select * from \"...', Array, false)
#3 C:\\Users\\gubez\\OneDrive\\Área de Trabalho\\SPOPWEB_Pokemon_form_Lavaravel\\pokemon_mvc\\vendor\\laravel\\framework\\src\\Illuminate\\Database\\Query\\Builder.php(3091): Illuminate\\Database\\Query\\Builder->runSelect()
#4 C:\\Users\\gubez\\OneDrive\\Área de Trabalho\\SPOPWEB_Pokemon_form_Lavaravel\\pokemon_mvc\\vendor\\laravel\\framework\\src\\Illuminate\\Database\\Query\\Builder.php(3676): Illuminate\\Database\\Query\\Builder->Illuminate\\Database\\Query\\{closure}()
#5 C:\\Users\\gubez\\OneDrive\\Área de Trabalho\\SPOPWEB_Pokemon_form_Lavaravel\\pokemon_mvc\\vendor\\laravel\\framework\\src\\Illuminate\\Database\\Query\\Builder.php(3090): Illuminate\\Database\\Query\\Builder->onceWithColumns(Array, Object(Closure))
#6 C:\\Users\\gubez\\OneDrive\\Área de Trabalho\\SPOPWEB_Pokemon_form_Lavaravel\\pokemon_mvc\\vendor\\laravel\\framework\\src\\Illuminate\\Database\\Concerns\\BuildsQueries.php(343): Illuminate\\Database\\Query\\Builder->get(Array)
#7 C:\\Users\\gubez\\OneDrive\\Área de Trabalho\\SPOPWEB_Pokemon_form_Lavaravel\\pokemon_mvc\\vendor\\laravel\\framework\\src\\Illuminate\\Database\\Query\\Builder.php(3013): Illuminate\\Database\\Query\\Builder->first(Array)
#8 C:\\Users\\gubez\\OneDrive\\Área de Trabalho\\SPOPWEB_Pokemon_form_Lavaravel\\pokemon_mvc\\vendor\\laravel\\framework\\src\\Illuminate\\Session\\DatabaseSessionHandler.php(97): Illuminate\\Database\\Query\\Builder->find('0ymWHvTwlhdg0Zk...')
#9 C:\\Users\\gubez\\OneDrive\\Área de Trabalho\\SPOPWEB_Pokemon_form_Lavaravel\\pokemon_mvc\\vendor\\laravel\\framework\\src\\Illuminate\\Session\\Store.php(117): Illuminate\\Session\\DatabaseSessionHandler->read('0ymWHvTwlhdg0Zk...')
#10 C:\\Users\\gubez\\OneDrive\\Área de Trabalho\\SPOPWEB_Pokemon_form_Lavaravel\\pokemon_mvc\\vendor\\laravel\\framework\\src\\Illuminate\\Session\\Store.php(105): Illuminate\\Session\\Store->readFromHandler()
#11 C:\\Users\\gubez\\OneDrive\\Área de Trabalho\\SPOPWEB_Pokemon_form_Lavaravel\\pokemon_mvc\\vendor\\laravel\\framework\\src\\Illuminate\\Session\\Store.php(89): Illuminate\\Session\\Store->loadSession()
#12 C:\\Users\\gubez\\OneDrive\\Área de Trabalho\\SPOPWEB_Pokemon_form_Lavaravel\\pokemon_mvc\\vendor\\laravel\\framework\\src\\Illuminate\\Session\\Middleware\\StartSession.php(147): Illuminate\\Session\\Store->start()
#13 C:\\Users\\gubez\\OneDrive\\Área de Trabalho\\SPOPWEB_Pokemon_form_Lavaravel\\pokemon_mvc\\vendor\\laravel\\framework\\src\\Illuminate\\Support\\helpers.php(399): Illuminate\\Session\\Middleware\\StartSession->Illuminate\\Session\\Middleware\\{closure}(Object(Illuminate\\Session\\Store))
#14 C:\\Users\\gubez\\OneDrive\\Área de Trabalho\\SPOPWEB_Pokemon_form_Lavaravel\\pokemon_mvc\\vendor\\laravel\\framework\\src\\Illuminate\\Session\\Middleware\\StartSession.php(144): tap(Object(Illuminate\\Session\\Store), Object(Closure))
#15 C:\\Users\\gubez\\OneDrive\\Área de Trabalho\\SPOPWEB_Pokemon_form_Lavaravel\\pokemon_mvc\\vendor\\laravel\\framework\\src\\Illuminate\\Session\\Middleware\\StartSession.php(116): Illuminate\\Session\\Middleware\\StartSession->startSession(Object(Illuminate\\Http\\Request), Object(Illuminate\\Session\\Store))
#16 C:\\Users\\gubez\\OneDrive\\Área de Trabalho\\SPOPWEB_Pokemon_form_Lavaravel\\pokemon_mvc\\vendor\\laravel\\framework\\src\\Illuminate\\Session\\Middleware\\StartSession.php(64): Illuminate\\Session\\Middleware\\StartSession->handleStatefulRequest(Object(Illuminate\\Http\\Request), Object(Illuminate\\Session\\Store), Object(Closure))
#17 C:\\Users\\gubez\\OneDrive\\Área de Trabalho\\SPOPWEB_Pokemon_form_Lavaravel\\pokemon_mvc\\vendor\\laravel\\framework\\src\\Illuminate\\Pipeline\\Pipeline.php(209): Illuminate\\Session\\Middleware\\StartSession->handle(Object(Illuminate\\Http\\Request), Object(Closure))
#18 C:\\Users\\gubez\\OneDrive\\Área de Trabalho\\SPOPWEB_Pokemon_form_Lavaravel\\pokemon_mvc\\vendor\\laravel\\framework\\src\\Illuminate\\Cookie\\Middleware\\AddQueuedCookiesToResponse.php(37): Illuminate\\Pipeline\\Pipeline->Illuminate\\Pipeline\\{closure}(Object(Illuminate\\Http\\Request))
#19 C:\\Users\\gubez\\OneDrive\\Área de Trabalho\\SPOPWEB_Pokemon_form_Lavaravel\\pokemon_mvc\\vendor\\laravel\\framework\\src\\Illuminate\\Pipeline\\Pipeline.php(209): Illuminate\\Cookie\\Middleware\\AddQueuedCookiesToResponse->handle(Object(Illuminate\\Http\\Request), Object(Closure))
#20 C:\\Users\\gubez\\OneDrive\\Área de Trabalho\\SPOPWEB_Pokemon_form_Lavaravel\\pokemon_mvc\\vendor\\laravel\\framework\\src\\Illuminate\\Cookie\\Middleware\\EncryptCookies.php(75): Illuminate\\Pipeline\\Pipeline->Illuminate\\Pipeline\\{closure}(Object(Illuminate\\Http\\Request))
#21 C:\\Users\\gubez\\OneDrive\\Área de Trabalho\\SPOPWEB_Pokemon_form_Lavaravel\\pokemon_mvc\\vendor\\laravel\\framework\\src\\Illuminate\\Pipeline\\Pipeline.php(209): Illuminate\\Cookie\\Middleware\\EncryptCookies->handle(Object(Illuminate\\Http\\Request), Object(Closure))
#22 C:\\Users\\gubez\\OneDrive\\Área de Trabalho\\SPOPWEB_Pokemon_form_Lavaravel\\pokemon_mvc\\vendor\\laravel\\framework\\src\\Illuminate\\Pipeline\\Pipeline.php(127): Illuminate\\Pipeline\\Pipeline->Illuminate\\Pipeline\\{closure}(Object(Illuminate\\Http\\Request))
#23 C:\\Users\\gubez\\OneDrive\\Área de Trabalho\\SPOPWEB_Pokemon_form_Lavaravel\\pokemon_mvc\\vendor\\laravel\\framework\\src\\Illuminate\\Routing\\Router.php(807): Illuminate\\Pipeline\\Pipeline->then(Object(Closure))
#24 C:\\Users\\gubez\\OneDrive\\Área de Trabalho\\SPOPWEB_Pokemon_form_Lavaravel\\pokemon_mvc\\vendor\\laravel\\framework\\src\\Illuminate\\Routing\\Router.php(786): Illuminate\\Routing\\Router->runRouteWithinStack(Object(Illuminate\\Routing\\Route), Object(Illuminate\\Http\\Request))
#25 C:\\Users\\gubez\\OneDrive\\Área de Trabalho\\SPOPWEB_Pokemon_form_Lavaravel\\pokemon_mvc\\vendor\\laravel\\framework\\src\\Illuminate\\Routing\\Router.php(750): Illuminate\\Routing\\Router->runRoute(Object(Illuminate\\Http\\Request), Object(Illuminate\\Routing\\Route))
#26 C:\\Users\\gubez\\OneDrive\\Área de Trabalho\\SPOPWEB_Pokemon_form_Lavaravel\\pokemon_mvc\\vendor\\laravel\\framework\\src\\Illuminate\\Routing\\Router.php(739): Illuminate\\Routing\\Router->dispatchToRoute(Object(Illuminate\\Http\\Request))
#27 C:\\Users\\gubez\\OneDrive\\Área de Trabalho\\SPOPWEB_Pokemon_form_Lavaravel\\pokemon_mvc\\vendor\\laravel\\framework\\src\\Illuminate\\Foundation\\Http\\Kernel.php(201): Illuminate\\Routing\\Router->dispatch(Object(Illuminate\\Http\\Request))
#28 C:\\Users\\gubez\\OneDrive\\Área de Trabalho\\SPOPWEB_Pokemon_form_Lavaravel\\pokemon_mvc\\vendor\\laravel\\framework\\src\\Illuminate\\Pipeline\\Pipeline.php(170): Illuminate\\Foundation\\Http\\Kernel->Illuminate\\Foundation\\Http\\{closure}(Object(Illuminate\\Http\\Request))
#29 C:\\Users\\gubez\\OneDrive\\Área de Trabalho\\SPOPWEB_Pokemon_form_Lavaravel\\pokemon_mvc\\vendor\\laravel\\framework\\src\\Illuminate\\Foundation\\Http\\Middleware\\TransformsRequest.php(21): Illuminate\\Pipeline\\Pipeline->Illuminate\\Pipeline\\{closure}(Object(Illuminate\\Http\\Request))
#30 C:\\Users\\gubez\\OneDrive\\Área de Trabalho\\SPOPWEB_Pokemon_form_Lavaravel\\pokemon_mvc\\vendor\\laravel\\framework\\src\\Illuminate\\Foundation\\Http\\Middleware\\ConvertEmptyStringsToNull.php(31): Illuminate\\Foundation\\Http\\Middleware\\TransformsRequest->handle(Object(Illuminate\\Http\\Request), Object(Closure))
#31 C:\\Users\\gubez\\OneDrive\\Área de Trabalho\\SPOPWEB_Pokemon_form_Lavaravel\\pokemon_mvc\\vendor\\laravel\\framework\\src\\Illuminate\\Pipeline\\Pipeline.php(209): Illuminate\\Foundation\\Http\\Middleware\\ConvertEmptyStringsToNull->handle(Object(Illuminate\\Http\\Request), Object(Closure))
#32 C:\\Users\\gubez\\OneDrive\\Área de Trabalho\\SPOPWEB_Pokemon_form_Lavaravel\\pokemon_mvc\\vendor\\laravel\\framework\\src\\Illuminate\\Foundation\\Http\\Middleware\\TransformsRequest.php(21): Illuminate\\Pipeline\\Pipeline->Illuminate\\Pipeline\\{closure}(Object(Illuminate\\Http\\Request))
#33 C:\\Users\\gubez\\OneDrive\\Área de Trabalho\\SPOPWEB_Pokemon_form_Lavaravel\\pokemon_mvc\\vendor\\laravel\\framework\\src\\Illuminate\\Foundation\\Http\\Middleware\\TrimStrings.php(51): Illuminate\\Foundation\\Http\\Middleware\\TransformsRequest->handle(Object(Illuminate\\Http\\Request), Object(Closure))
#34 C:\\Users\\gubez\\OneDrive\\Área de Trabalho\\SPOPWEB_Pokemon_form_Lavaravel\\pokemon_mvc\\vendor\\laravel\\framework\\src\\Illuminate\\Pipeline\\Pipeline.php(209): Illuminate\\Foundation\\Http\\Middleware\\TrimStrings->handle(Object(Illuminate\\Http\\Request), Object(Closure))
#35 C:\\Users\\gubez\\OneDrive\\Área de Trabalho\\SPOPWEB_Pokemon_form_Lavaravel\\pokemon_mvc\\vendor\\laravel\\framework\\src\\Illuminate\\Http\\Middleware\\ValidatePostSize.php(27): Illuminate\\Pipeline\\Pipeline->Illuminate\\Pipeline\\{closure}(Object(Illuminate\\Http\\Request))
#36 C:\\Users\\gubez\\OneDrive\\Área de Trabalho\\SPOPWEB_Pokemon_form_Lavaravel\\pokemon_mvc\\vendor\\laravel\\framework\\src\\Illuminate\\Pipeline\\Pipeline.php(209): Illuminate\\Http\\Middleware\\ValidatePostSize->handle(Object(Illuminate\\Http\\Request), Object(Closure))
#37 C:\\Users\\gubez\\OneDrive\\Área de Trabalho\\SPOPWEB_Pokemon_form_Lavaravel\\pokemon_mvc\\vendor\\laravel\\framework\\src\\Illuminate\\Foundation\\Http\\Middleware\\PreventRequestsDuringMaintenance.php(110): Illuminate\\Pipeline\\Pipeline->Illuminate\\Pipeline\\{closure}(Object(Illuminate\\Http\\Request))
#38 C:\\Users\\gubez\\OneDrive\\Área de Trabalho\\SPOPWEB_Pokemon_form_Lavaravel\\pokemon_mvc\\vendor\\laravel\\framework\\src\\Illuminate\\Pipeline\\Pipeline.php(209): Illuminate\\Foundation\\Http\\Middleware\\PreventRequestsDuringMaintenance->handle(Object(Illuminate\\Http\\Request), Object(Closure))
#39 C:\\Users\\gubez\\OneDrive\\Área de Trabalho\\SPOPWEB_Pokemon_form_Lavaravel\\pokemon_mvc\\vendor\\laravel\\framework\\src\\Illuminate\\Http\\Middleware\\HandleCors.php(49): Illuminate\\Pipeline\\Pipeline->Illuminate\\Pipeline\\{closure}(Object(Illuminate\\Http\\Request))
#40 C:\\Users\\gubez\\OneDrive\\Área de Trabalho\\SPOPWEB_Pokemon_form_Lavaravel\\pokemon_mvc\\vendor\\laravel\\framework\\src\\Illuminate\\Pipeline\\Pipeline.php(209): Illuminate\\Http\\Middleware\\HandleCors->handle(Object(Illuminate\\Http\\Request), Object(Closure))
#41 C:\\Users\\gubez\\OneDrive\\Área de Trabalho\\SPOPWEB_Pokemon_form_Lavaravel\\pokemon_mvc\\vendor\\laravel\\framework\\src\\Illuminate\\Http\\Middleware\\TrustProxies.php(58): Illuminate\\Pipeline\\Pipeline->Illuminate\\Pipeline\\{closure}(Object(Illuminate\\Http\\Request))
#42 C:\\Users\\gubez\\OneDrive\\Área de Trabalho\\SPOPWEB_Pokemon_form_Lavaravel\\pokemon_mvc\\vendor\\laravel\\framework\\src\\Illuminate\\Pipeline\\Pipeline.php(209): Illuminate\\Http\\Middleware\\TrustProxies->handle(Object(Illuminate\\Http\\Request), Object(Closure))
#43 C:\\Users\\gubez\\OneDrive\\Área de Trabalho\\SPOPWEB_Pokemon_form_Lavaravel\\pokemon_mvc\\vendor\\laravel\\framework\\src\\Illuminate\\Foundation\\Http\\Middleware\\InvokeDeferredCallbacks.php(22): Illuminate\\Pipeline\\Pipeline->Illuminate\\Pipeline\\{closure}(Object(Illuminate\\Http\\Request))
#44 C:\\Users\\gubez\\OneDrive\\Área de Trabalho\\SPOPWEB_Pokemon_form_Lavaravel\\pokemon_mvc\\vendor\\laravel\\framework\\src\\Illuminate\\Pipeline\\Pipeline.php(209): Illuminate\\Foundation\\Http\\Middleware\\InvokeDeferredCallbacks->handle(Object(Illuminate\\Http\\Request), Object(Closure))
#45 C:\\Users\\gubez\\OneDrive\\Área de Trabalho\\SPOPWEB_Pokemon_form_Lavaravel\\pokemon_mvc\\vendor\\laravel\\framework\\src\\Illuminate\\Pipeline\\Pipeline.php(127): Illuminate\\Pipeline\\Pipeline->Illuminate\\Pipeline\\{closure}(Object(Illuminate\\Http\\Request))
#46 C:\\Users\\gubez\\OneDrive\\Área de Trabalho\\SPOPWEB_Pokemon_form_Lavaravel\\pokemon_mvc\\vendor\\laravel\\framework\\src\\Illuminate\\Foundation\\Http\\Kernel.php(176): Illuminate\\Pipeline\\Pipeline->then(Object(Closure))
#47 C:\\Users\\gubez\\OneDrive\\Área de Trabalho\\SPOPWEB_Pokemon_form_Lavaravel\\pokemon_mvc\\vendor\\laravel\\framework\\src\\Illuminate\\Foundation\\Http\\Kernel.php(145): Illuminate\\Foundation\\Http\\Kernel->sendRequestThroughRouter(Object(Illuminate\\Http\\Request))
#48 C:\\Users\\gubez\\OneDrive\\Área de Trabalho\\SPOPWEB_Pokemon_form_Lavaravel\\pokemon_mvc\\vendor\\laravel\\framework\\src\\Illuminate\\Foundation\\Application.php(1220): Illuminate\\Foundation\\Http\\Kernel->handle(Object(Illuminate\\Http\\Request))
#49 C:\\Users\\gubez\\OneDrive\\Área de Trabalho\\SPOPWEB_Pokemon_form_Lavaravel\\pokemon_mvc\\public\\index.php(17): Illuminate\\Foundation\\Application->handleRequest(Object(Illuminate\\Http\\Request))
#50 C:\\Users\\gubez\\OneDrive\\Área de Trabalho\\SPOPWEB_Pokemon_form_Lavaravel\\pokemon_mvc\\vendor\\laravel\\framework\\src\\Illuminate\\Foundation\\resources\\server.php(23): require_once('C:\\\\Users\\\\gubez\\\\...')
#51 {main}

[previous exception] [object] (Illuminate\\Database\\SQLiteDatabaseDoesNotExistException(code: 0): Database file at path [C:\\Users\\gubez\\OneDrive\\Área de Trabalho\\SPOPWEB_Pokemon_form_Lavaravel\\pokemon_mvc\\database\\database.sqlite] does not exist. Ensure this is an absolute path to the database. at C:\\Users\\gubez\\OneDrive\\Área de Trabalho\\SPOPWEB_Pokemon_form_Lavaravel\\pokemon_mvc\\vendor\\laravel\\framework\\src\\Illuminate\\Database\\Connectors\\SQLiteConnector.php:37)
[stacktrace]
#0 C:\\Users\\gubez\\OneDrive\\Área de Trabalho\\SPOPWEB_Pokemon_form_Lavaravel\\pokemon_mvc\\vendor\\laravel\\framework\\src\\Illuminate\\Database\\Connectors\\ConnectionFactory.php(224): Illuminate\\Database\\Connectors\\SQLiteConnector->connect(Array)
#1 [internal function]: Illuminate\\Database\\Connectors\\ConnectionFactory->Illuminate\\Database\\Connectors\\{closure}()
#2 C:\\Users\\gubez\\OneDrive\\Área de Trabalho\\SPOPWEB_Pokemon_form_Lavaravel\\pokemon_mvc\\vendor\\laravel\\framework\\src\\Illuminate\\Database\\Connection.php(1231): call_user_func(Object(Closure))
#3 C:\\Users\\gubez\\OneDrive\\Área de Trabalho\\SPOPWEB_Pokemon_form_Lavaravel\\pokemon_mvc\\vendor\\laravel\\framework\\src\\Illuminate\\Database\\Connection.php(512): Illuminate\\Database\\Connection->getPdo()
#4 C:\\Users\\gubez\\OneDrive\\Área de Trabalho\\SPOPWEB_Pokemon_form_Lavaravel\\pokemon_mvc\\vendor\\laravel\\framework\\src\\Illuminate\\Database\\Connection.php(407): Illuminate\\Database\\Connection->getPdoForSelect(false)
#5 C:\\Users\\gubez\\OneDrive\\Área de Trabalho\\SPOPWEB_Pokemon_form_Lavaravel\\pokemon_mvc\\vendor\\laravel\\framework\\src\\Illuminate\\Database\\Connection.php(812): Illuminate\\Database\\Connection->Illuminate\\Database\\{closure}('select * from \"...', Array)
#6 C:\\Users\\gubez\\OneDrive\\Área de Trabalho\\SPOPWEB_Pokemon_form_Lavaravel\\pokemon_mvc\\vendor\\laravel\\framework\\src\\Illuminate\\Database\\Connection.php(779): Illuminate\\Database\\Connection->runQueryCallback('select * from \"...', Array, Object(Closure))
#7 C:\\Users\\gubez\\OneDrive\\Área de Trabalho\\SPOPWEB_Pokemon_form_Lavaravel\\pokemon_mvc\\vendor\\laravel\\framework\\src\\Illuminate\\Database\\Connection.php(398): Illuminate\\Database\\Connection->run('select * from \"...', Array, Object(Closure))
#8 C:\\Users\\gubez\\OneDrive\\Área de Trabalho\\SPOPWEB_Pokemon_form_Lavaravel\\pokemon_mvc\\vendor\\laravel\\framework\\src\\Illuminate\\Database\\Query\\Builder.php(3106): Illuminate\\Database\\Connection->select('select * from \"...', Array, false)
#9 C:\\Users\\gubez\\OneDrive\\Área de Trabalho\\SPOPWEB_Pokemon_form_Lavaravel\\pokemon_mvc\\vendor\\laravel\\framework\\src\\Illuminate\\Database\\Query\\Builder.php(3091): Illuminate\\Database\\Query\\Builder->runSelect()
#10 C:\\Users\\gubez\\OneDrive\\Área de Trabalho\\SPOPWEB_Pokemon_form_Lavaravel\\pokemon_mvc\\vendor\\laravel\\framework\\src\\Illuminate\\Database\\Query\\Builder.php(3676): Illuminate\\Database\\Query\\Builder->Illuminate\\Database\\Query\\{closure}()
#11 C:\\Users\\gubez\\OneDrive\\Área de Trabalho\\SPOPWEB_Pokemon_form_Lavaravel\\pokemon_mvc\\vendor\\laravel\\framework\\src\\Illuminate\\Database\\Query\\Builder.php(3090): Illuminate\\Database\\Query\\Builder->onceWithColumns(Array, Object(Closure))
#12 C:\\Users\\gubez\\OneDrive\\Área de Trabalho\\SPOPWEB_Pokemon_form_Lavaravel\\pokemon_mvc\\vendor\\laravel\\framework\\src\\Illuminate\\Database\\Concerns\\BuildsQueries.php(343): Illuminate\\Database\\Query\\Builder->get(Array)
#13 C:\\Users\\gubez\\OneDrive\\Área de Trabalho\\SPOPWEB_Pokemon_form_Lavaravel\\pokemon_mvc\\vendor\\laravel\\framework\\src\\Illuminate\\Database\\Query\\Builder.php(3013): Illuminate\\Database\\Query\\Builder->first(Array)
#14 C:\\Users\\gubez\\OneDrive\\Área de Trabalho\\SPOPWEB_Pokemon_form_Lavaravel\\pokemon_mvc\\vendor\\laravel\\framework\\src\\Illuminate\\Session\\DatabaseSessionHandler.php(97): Illuminate\\Database\\Query\\Builder->find('0ymWHvTwlhdg0Zk...')
#15 C:\\Users\\gubez\\OneDrive\\Área de Trabalho\\SPOPWEB_Pokemon_form_Lavaravel\\pokemon_mvc\\vendor\\laravel\\framework\\src\\Illuminate\\Session\\Store.php(117): Illuminate\\Session\\DatabaseSessionHandler->read('0ymWHvTwlhdg0Zk...')
#16 C:\\Users\\gubez\\OneDrive\\Área de Trabalho\\SPOPWEB_Pokemon_form_Lavaravel\\pokemon_mvc\\vendor\\laravel\\framework\\src\\Illuminate\\Session\\Store.php(105): Illuminate\\Session\\Store->readFromHandler()
#17 C:\\Users\\gubez\\OneDrive\\Área de Trabalho\\SPOPWEB_Pokemon_form_Lavaravel\\pokemon_mvc\\vendor\\laravel\\framework\\src\\Illuminate\\Session\\Store.php(89): Illuminate\\Session\\Store->loadSession()
#18 C:\\Users\\gubez\\OneDrive\\Área de Trabalho\\SPOPWEB_Pokemon_form_Lavaravel\\pokemon_mvc\\vendor\\laravel\\framework\\src\\Illuminate\\Session\\Middleware\\StartSession.php(147): Illuminate\\Session\\Store->start()
#19 C:\\Users\\gubez\\OneDrive\\Área de Trabalho\\SPOPWEB_Pokemon_form_Lavaravel\\pokemon_mvc\\vendor\\laravel\\framework\\src\\Illuminate\\Support\\helpers.php(399): Illuminate\\Session\\Middleware\\StartSession->Illuminate\\Session\\Middleware\\{closure}(Object(Illuminate\\Session\\Store))
#20 C:\\Users\\gubez\\OneDrive\\Área de Trabalho\\SPOPWEB_Pokemon_form_Lavaravel\\pokemon_mvc\\vendor\\laravel\\framework\\src\\Illuminate\\Session\\Middleware\\StartSession.php(144): tap(Object(Illuminate\\Session\\Store), Object(Closure))
#21 C:\\Users\\gubez\\OneDrive\\Área de Trabalho\\SPOPWEB_Pokemon_form_Lavaravel\\pokemon_mvc\\vendor\\laravel\\framework\\src\\Illuminate\\Session\\Middleware\\StartSession.php(116): Illuminate\\Session\\Middleware\\StartSession->startSession(Object(Illuminate\\Http\\Request), Object(Illuminate\\Session\\Store))
#22 C:\\Users\\gubez\\OneDrive\\Área de Trabalho\\SPOPWEB_Pokemon_form_Lavaravel\\pokemon_mvc\\vendor\\laravel\\framework\\src\\Illuminate\\Session\\Middleware\\StartSession.php(64): Illuminate\\Session\\Middleware\\StartSession->handleStatefulRequest(Object(Illuminate\\Http\\Request), Object(Illuminate\\Session\\Store), Object(Closure))
#23 C:\\Users\\gubez\\OneDrive\\Área de Trabalho\\SPOPWEB_Pokemon_form_Lavaravel\\pokemon_mvc\\vendor\\laravel\\framework\\src\\Illuminate\\Pipeline\\Pipeline.php(209): Illuminate\\Session\\Middleware\\StartSession->handle(Object(Illuminate\\Http\\Request), Object(Closure))
#24 C:\\Users\\gubez\\OneDrive\\Área de Trabalho\\SPOPWEB_Pokemon_form_Lavaravel\\pokemon_mvc\\vendor\\laravel\\framework\\src\\Illuminate\\Cookie\\Middleware\\AddQueuedCookiesToResponse.php(37): Illuminate\\Pipeline\\Pipeline->Illuminate\\Pipeline\\{closure}(Object(Illuminate\\Http\\Request))
#25 C:\\Users\\gubez\\OneDrive\\Área de Trabalho\\SPOPWEB_Pokemon_form_Lavaravel\\pokemon_mvc\\vendor\\laravel\\framework\\src\\Illuminate\\Pipeline\\Pipeline.php(209): Illuminate\\Cookie\\Middleware\\AddQueuedCookiesToResponse->handle(Object(Illuminate\\Http\\Request), Object(Closure))
#26 C:\\Users\\gubez\\OneDrive\\Área de Trabalho\\SPOPWEB_Pokemon_form_Lavaravel\\pokemon_mvc\\vendor\\laravel\\framework\\src\\Illuminate\\Cookie\\Middleware\\EncryptCookies.php(75): Illuminate\\Pipeline\\Pipeline->Illuminate\\Pipeline\\{closure}(Object(Illuminate\\Http\\Request))
#27 C:\\Users\\gubez\\OneDrive\\Área de Trabalho\\SPOPWEB_Pokemon_form_Lavaravel\\pokemon_mvc\\vendor\\laravel\\framework\\src\\Illuminate\\Pipeline\\Pipeline.php(209): Illuminate\\Cookie\\Middleware\\EncryptCookies->handle(Object(Illuminate\\Http\\Request), Object(Closure))
#28 C:\\Users\\gubez\\OneDrive\\Área de Trabalho\\SPOPWEB_Pokemon_form_Lavaravel\\pokemon_mvc\\vendor\\laravel\\framework\\src\\Illuminate\\Pipeline\\Pipeline.php(127): Illuminate\\Pipeline\\Pipeline->Illuminate\\Pipeline\\{closure}(Object(Illuminate\\Http\\Request))
#29 C:\\Users\\gubez\\OneDrive\\Área de Trabalho\\SPOPWEB_Pokemon_form_Lavaravel\\pokemon_mvc\\vendor\\laravel\\framework\\src\\Illuminate\\Routing\\Router.php(807): Illuminate\\Pipeline\\Pipeline->then(Object(Closure))
#30 C:\\Users\\gubez\\OneDrive\\Área de Trabalho\\SPOPWEB_Pokemon_form_Lavaravel\\pokemon_mvc\\vendor\\laravel\\framework\\src\\Illuminate\\Routing\\Router.php(786): Illuminate\\Routing\\Router->runRouteWithinStack(Object(Illuminate\\Routing\\Route), Object(Illuminate\\Http\\Request))
#31 C:\\Users\\gubez\\OneDrive\\Área de Trabalho\\SPOPWEB_Pokemon_form_Lavaravel\\pokemon_mvc\\vendor\\laravel\\framework\\src\\Illuminate\\Routing\\Router.php(750): Illuminate\\Routing\\Router->runRoute(Object(Illuminate\\Http\\Request), Object(Illuminate\\Routing\\Route))
#32 C:\\Users\\gubez\\OneDrive\\Área de Trabalho\\SPOPWEB_Pokemon_form_Lavaravel\\pokemon_mvc\\vendor\\laravel\\framework\\src\\Illuminate\\Routing\\Router.php(739): Illuminate\\Routing\\Router->dispatchToRoute(Object(Illuminate\\Http\\Request))
#33 C:\\Users\\gubez\\OneDrive\\Área de Trabalho\\SPOPWEB_Pokemon_form_Lavaravel\\pokemon_mvc\\vendor\\laravel\\framework\\src\\Illuminate\\Foundation\\Http\\Kernel.php(201): Illuminate\\Routing\\Router->dispatch(Object(Illuminate\\Http\\Request))
#34 C:\\Users\\gubez\\OneDrive\\Área de Trabalho\\SPOPWEB_Pokemon_form_Lavaravel\\pokemon_mvc\\vendor\\laravel\\framework\\src\\Illuminate\\Pipeline\\Pipeline.php(170): Illuminate\\Foundation\\Http\\Kernel->Illuminate\\Foundation\\Http\\{closure}(Object(Illuminate\\Http\\Request))
#35 C:\\Users\\gubez\\OneDrive\\Área de Trabalho\\SPOPWEB_Pokemon_form_Lavaravel\\pokemon_mvc\\vendor\\laravel\\framework\\src\\Illuminate\\Foundation\\Http\\Middleware\\TransformsRequest.php(21): Illuminate\\Pipeline\\Pipeline->Illuminate\\Pipeline\\{closure}(Object(Illuminate\\Http\\Request))
#36 C:\\Users\\gubez\\OneDrive\\Área de Trabalho\\SPOPWEB_Pokemon_form_Lavaravel\\pokemon_mvc\\vendor\\laravel\\framework\\src\\Illuminate\\Foundation\\Http\\Middleware\\ConvertEmptyStringsToNull.php(31): Illuminate\\Foundation\\Http\\Middleware\\TransformsRequest->handle(Object(Illuminate\\Http\\Request), Object(Closure))
#37 C:\\Users\\gubez\\OneDrive\\Área de Trabalho\\SPOPWEB_Pokemon_form_Lavaravel\\pokemon_mvc\\vendor\\laravel\\framework\\src\\Illuminate\\Pipeline\\Pipeline.php(209): Illuminate\\Foundation\\Http\\Middleware\\ConvertEmptyStringsToNull->handle(Object(Illuminate\\Http\\Request), Object(Closure))
#38 C:\\Users\\gubez\\OneDrive\\Área de Trabalho\\SPOPWEB_Pokemon_form_Lavaravel\\pokemon_mvc\\vendor\\laravel\\framework\\src\\Illuminate\\Foundation\\Http\\Middleware\\TransformsRequest.php(21): Illuminate\\Pipeline\\Pipeline->Illuminate\\Pipeline\\{closure}(Object(Illuminate\\Http\\Request))
#39 C:\\Users\\gubez\\OneDrive\\Área de Trabalho\\SPOPWEB_Pokemon_form_Lavaravel\\pokemon_mvc\\vendor\\laravel\\framework\\src\\Illuminate\\Foundation\\Http\\Middleware\\TrimStrings.php(51): Illuminate\\Foundation\\Http\\Middleware\\TransformsRequest->handle(Object(Illuminate\\Http\\Request), Object(Closure))
#40 C:\\Users\\gubez\\OneDrive\\Área de Trabalho\\SPOPWEB_Pokemon_form_Lavaravel\\pokemon_mvc\\vendor\\laravel\\framework\\src\\Illuminate\\Pipeline\\Pipeline.php(209): Illuminate\\Foundation\\Http\\Middleware\\TrimStrings->handle(Object(Illuminate\\Http\\Request), Object(Closure))
#41 C:\\Users\\gubez\\OneDrive\\Área de Trabalho\\SPOPWEB_Pokemon_form_Lavaravel\\pokemon_mvc\\vendor\\laravel\\framework\\src\\Illuminate\\Http\\Middleware\\ValidatePostSize.php(27): Illuminate\\Pipeline\\Pipeline->Illuminate\\Pipeline\\{closure}(Object(Illuminate\\Http\\Request))
#42 C:\\Users\\gubez\\OneDrive\\Área de Trabalho\\SPOPWEB_Pokemon_form_Lavaravel\\pokemon_mvc\\vendor\\laravel\\framework\\src\\Illuminate\\Pipeline\\Pipeline.php(209): Illuminate\\Http\\Middleware\\ValidatePostSize->handle(Object(Illuminate\\Http\\Request), Object(Closure))
#43 C:\\Users\\gubez\\OneDrive\\Área de Trabalho\\SPOPWEB_Pokemon_form_Lavaravel\\pokemon_mvc\\vendor\\laravel\\framework\\src\\Illuminate\\Foundation\\Http\\Middleware\\PreventRequestsDuringMaintenance.php(110): Illuminate\\Pipeline\\Pipeline->Illuminate\\Pipeline\\{closure}(Object(Illuminate\\Http\\Request))
#44 C:\\Users\\gubez\\OneDrive\\Área de Trabalho\\SPOPWEB_Pokemon_form_Lavaravel\\pokemon_mvc\\vendor\\laravel\\framework\\src\\Illuminate\\Pipeline\\Pipeline.php(209): Illuminate\\Foundation\\Http\\Middleware\\PreventRequestsDuringMaintenance->handle(Object(Illuminate\\Http\\Request), Object(Closure))
#45 C:\\Users\\gubez\\OneDrive\\Área de Trabalho\\SPOPWEB_Pokemon_form_Lavaravel\\pokemon_mvc\\vendor\\laravel\\framework\\src\\Illuminate\\Http\\Middleware\\HandleCors.php(49): Illuminate\\Pipeline\\Pipeline->Illuminate\\Pipeline\\{closure}(Object(Illuminate\\Http\\Request))
#46 C:\\Users\\gubez\\OneDrive\\Área de Trabalho\\SPOPWEB_Pokemon_form_Lavaravel\\pokemon_mvc\\vendor\\laravel\\framework\\src\\Illuminate\\Pipeline\\Pipeline.php(209): Illuminate\\Http\\Middleware\\HandleCors->handle(Object(Illuminate\\Http\\Request), Object(Closure))
#47 C:\\Users\\gubez\\OneDrive\\Área de Trabalho\\SPOPWEB_Pokemon_form_Lavaravel\\pokemon_mvc\\vendor\\laravel\\framework\\src\\Illuminate\\Http\\Middleware\\TrustProxies.php(58): Illuminate\\Pipeline\\Pipeline->Illuminate\\Pipeline\\{closure}(Object(Illuminate\\Http\\Request))
#48 C:\\Users\\gubez\\OneDrive\\Área de Trabalho\\SPOPWEB_Pokemon_form_Lavaravel\\pokemon_mvc\\vendor\\laravel\\framework\\src\\Illuminate\\Pipeline\\Pipeline.php(209): Illuminate\\Http\\Middleware\\TrustProxies->handle(Object(Illuminate\\Http\\Request), Object(Closure))
#49 C:\\Users\\gubez\\OneDrive\\Área de Trabalho\\SPOPWEB_Pokemon_form_Lavaravel\\pokemon_mvc\\vendor\\laravel\\framework\\src\\Illuminate\\Foundation\\Http\\Middleware\\InvokeDeferredCallbacks.php(22): Illuminate\\Pipeline\\Pipeline->Illuminate\\Pipeline\\{closure}(Object(Illuminate\\Http\\Request))
#50 C:\\Users\\gubez\\OneDrive\\Área de Trabalho\\SPOPWEB_Pokemon_form_Lavaravel\\pokemon_mvc\\vendor\\laravel\\framework\\src\\Illuminate\\Pipeline\\Pipeline.php(209): Illuminate\\Foundation\\Http\\Middleware\\InvokeDeferredCallbacks->handle(Object(Illuminate\\Http\\Request), Object(Closure))
#51 C:\\Users\\gubez\\OneDrive\\Área de Trabalho\\SPOPWEB_Pokemon_form_Lavaravel\\pokemon_mvc\\vendor\\laravel\\framework\\src\\Illuminate\\Pipeline\\Pipeline.php(127): Illuminate\\Pipeline\\Pipeline->Illuminate\\Pipeline\\{closure}(Object(Illuminate\\Http\\Request))
#52 C:\\Users\\gubez\\OneDrive\\Área de Trabalho\\SPOPWEB_Pokemon_form_Lavaravel\\pokemon_mvc\\vendor\\laravel\\framework\\src\\Illuminate\\Foundation\\Http\\Kernel.php(176): Illuminate\\Pipeline\\Pipeline->then(Object(Closure))
#53 C:\\Users\\gubez\\OneDrive\\Área de Trabalho\\SPOPWEB_Pokemon_form_Lavaravel\\pokemon_mvc\\vendor\\laravel\\framework\\src\\Illuminate\\Foundation\\Http\\Kernel.php(145): Illuminate\\Foundation\\Http\\Kernel->sendRequestThroughRouter(Object(Illuminate\\Http\\Request))
#54 C:\\Users\\gubez\\OneDrive\\Área de Trabalho\\SPOPWEB_Pokemon_form_Lavaravel\\pokemon_mvc\\vendor\\laravel\\framework\\src\\Illuminate\\Foundation\\Application.php(1220): Illuminate\\Foundation\\Http\\Kernel->handle(Object(Illuminate\\Http\\Request))
#55 C:\\Users\\gubez\\OneDrive\\Área de Trabalho\\SPOPWEB_Pokemon_form_Lavaravel\\pokemon_mvc\\public\\index.php(17): Illuminate\\Foundation\\Application->handleRequest(Object(Illuminate\\Http\\Request))
#56 C:\\Users\\gubez\\OneDrive\\Área de Trabalho\\SPOPWEB_Pokemon_form_Lavaravel\\pokemon_mvc\\vendor\\laravel\\framework\\src\\Illuminate\\Foundation\\resources\\server.php(23): require_once('C:\\\\Users\\\\gubez\\\\...')
#57 {main}
"} 
[2025-11-21 15:47:22] local.ERROR: Database file at path [C:\Users\gubez\OneDrive\Área de Trabalho\SPOPWEB_Pokemon_form_Lavaravel\pokemon_mvc\database\database.sqlite] does not exist. Ensure this is an absolute path to the database. (Connection: sqlite, SQL: select * from "sessions" where "id" = G84xYZGEDjRUzmbvtXRRnJz1xh6FVEMxps925RrG limit 1) {"exception":"[object] (Illuminate\\Database\\QueryException(code: 0): Database file at path [C:\\Users\\gubez\\OneDrive\\Área de Trabalho\\SPOPWEB_Pokemon_form_Lavaravel\\pokemon_mvc\\database\\database.sqlite] does not exist. Ensure this is an absolute path to the database. (Connection: sqlite, SQL: select * from \"sessions\" where \"id\" = G84xYZGEDjRUzmbvtXRRnJz1xh6FVEMxps925RrG limit 1) at C:\\Users\\gubez\\OneDrive\\Área de Trabalho\\SPOPWEB_Pokemon_form_Lavaravel\\pokemon_mvc\\vendor\\laravel\\framework\\src\\Illuminate\\Database\\Connection.php:825)
[stacktrace]
#0 C:\\Users\\gubez\\OneDrive\\Área de Trabalho\\SPOPWEB_Pokemon_form_Lavaravel\\pokemon_mvc\\vendor\\laravel\\framework\\src\\Illuminate\\Database\\Connection.php(779): Illuminate\\Database\\Connection->runQueryCallback('select * from \"...', Array, Object(Closure))
#1 C:\\Users\\gubez\\OneDrive\\Área de Trabalho\\SPOPWEB_Pokemon_form_Lavaravel\\pokemon_mvc\\vendor\\laravel\\framework\\src\\Illuminate\\Database\\Connection.php(398): Illuminate\\Database\\Connection->run('select * from \"...', Array, Object(Closure))
#2 C:\\Users\\gubez\\OneDrive\\Área de Trabalho\\SPOPWEB_Pokemon_form_Lavaravel\\pokemon_mvc\\vendor\\laravel\\framework\\src\\Illuminate\\Database\\Query\\Builder.php(3106): Illuminate\\Database\\Connection->select('select * from \"...', Array, false)
#3 C:\\Users\\gubez\\OneDrive\\Área de Trabalho\\SPOPWEB_Pokemon_form_Lavaravel\\pokemon_mvc\\vendor\\laravel\\framework\\src\\Illuminate\\Database\\Query\\Builder.php(3091): Illuminate\\Database\\Query\\Builder->runSelect()
#4 C:\\Users\\gubez\\OneDrive\\Área de Trabalho\\SPOPWEB_Pokemon_form_Lavaravel\\pokemon_mvc\\vendor\\laravel\\framework\\src\\Illuminate\\Database\\Query\\Builder.php(3676): Illuminate\\Database\\Query\\Builder->Illuminate\\Database\\Query\\{closure}()
#5 C:\\Users\\gubez\\OneDrive\\Área de Trabalho\\SPOPWEB_Pokemon_form_Lavaravel\\pokemon_mvc\\vendor\\laravel\\framework\\src\\Illuminate\\Database\\Query\\Builder.php(3090): Illuminate\\Database\\Query\\Builder->onceWithColumns(Array, Object(Closure))
#6 C:\\Users\\gubez\\OneDrive\\Área de Trabalho\\SPOPWEB_Pokemon_form_Lavaravel\\pokemon_mvc\\vendor\\laravel\\framework\\src\\Illuminate\\Database\\Concerns\\BuildsQueries.php(343): Illuminate\\Database\\Query\\Builder->get(Array)
#7 C:\\Users\\gubez\\OneDrive\\Área de Trabalho\\SPOPWEB_Pokemon_form_Lavaravel\\pokemon_mvc\\vendor\\laravel\\framework\\src\\Illuminate\\Database\\Query\\Builder.php(3013): Illuminate\\Database\\Query\\Builder->first(Array)
#8 C:\\Users\\gubez\\OneDrive\\Área de Trabalho\\SPOPWEB_Pokemon_form_Lavaravel\\pokemon_mvc\\vendor\\laravel\\framework\\src\\Illuminate\\Session\\DatabaseSessionHandler.php(97): Illuminate\\Database\\Query\\Builder->find('G84xYZGEDjRUzmb...')
#9 C:\\Users\\gubez\\OneDrive\\Área de Trabalho\\SPOPWEB_Pokemon_form_Lavaravel\\pokemon_mvc\\vendor\\laravel\\framework\\src\\Illuminate\\Session\\Store.php(117): Illuminate\\Session\\DatabaseSessionHandler->read('G84xYZGEDjRUzmb...')
#10 C:\\Users\\gubez\\OneDrive\\Área de Trabalho\\SPOPWEB_Pokemon_form_Lavaravel\\pokemon_mvc\\vendor\\laravel\\framework\\src\\Illuminate\\Session\\Store.php(105): Illuminate\\Session\\Store->readFromHandler()
#11 C:\\Users\\gubez\\OneDrive\\Área de Trabalho\\SPOPWEB_Pokemon_form_Lavaravel\\pokemon_mvc\\vendor\\laravel\\framework\\src\\Illuminate\\Session\\Store.php(89): Illuminate\\Session\\Store->loadSession()
#12 C:\\Users\\gubez\\OneDrive\\Área de Trabalho\\SPOPWEB_Pokemon_form_Lavaravel\\pokemon_mvc\\vendor\\laravel\\framework\\src\\Illuminate\\Session\\Middleware\\StartSession.php(147): Illuminate\\Session\\Store->start()
#13 C:\\Users\\gubez\\OneDrive\\Área de Trabalho\\SPOPWEB_Pokemon_form_Lavaravel\\pokemon_mvc\\vendor\\laravel\\framework\\src\\Illuminate\\Support\\helpers.php(399): Illuminate\\Session\\Middleware\\StartSession->Illuminate\\Session\\Middleware\\{closure}(Object(Illuminate\\Session\\Store))
#14 C:\\Users\\gubez\\OneDrive\\Área de Trabalho\\SPOPWEB_Pokemon_form_Lavaravel\\pokemon_mvc\\vendor\\laravel\\framework\\src\\Illuminate\\Session\\Middleware\\StartSession.php(144): tap(Object(Illuminate\\Session\\Store), Object(Closure))
#15 C:\\Users\\gubez\\OneDrive\\Área de Trabalho\\SPOPWEB_Pokemon_form_Lavaravel\\pokemon_mvc\\vendor\\laravel\\framework\\src\\Illuminate\\Session\\Middleware\\StartSession.php(116): Illuminate\\Session\\Middleware\\StartSession->startSession(Object(Illuminate\\Http\\Request), Object(Illuminate\\Session\\Store))
#16 C:\\Users\\gubez\\OneDrive\\Área de Trabalho\\SPOPWEB_Pokemon_form_Lavaravel\\pokemon_mvc\\vendor\\laravel\\framework\\src\\Illuminate\\Session\\Middleware\\StartSession.php(64): Illuminate\\Session\\Middleware\\StartSession->handleStatefulRequest(Object(Illuminate\\Http\\Request), Object(Illuminate\\Session\\Store), Object(Closure))
#17 C:\\Users\\gubez\\OneDrive\\Área de Trabalho\\SPOPWEB_Pokemon_form_Lavaravel\\pokemon_mvc\\vendor\\laravel\\framework\\src\\Illuminate\\Pipeline\\Pipeline.php(209): Illuminate\\Session\\Middleware\\StartSession->handle(Object(Illuminate\\Http\\Request), Object(Closure))
#18 C:\\Users\\gubez\\OneDrive\\Área de Trabalho\\SPOPWEB_Pokemon_form_Lavaravel\\pokemon_mvc\\vendor\\laravel\\framework\\src\\Illuminate\\Cookie\\Middleware\\AddQueuedCookiesToResponse.php(37): Illuminate\\Pipeline\\Pipeline->Illuminate\\Pipeline\\{closure}(Object(Illuminate\\Http\\Request))
#19 C:\\Users\\gubez\\OneDrive\\Área de Trabalho\\SPOPWEB_Pokemon_form_Lavaravel\\pokemon_mvc\\vendor\\laravel\\framework\\src\\Illuminate\\Pipeline\\Pipeline.php(209): Illuminate\\Cookie\\Middleware\\AddQueuedCookiesToResponse->handle(Object(Illuminate\\Http\\Request), Object(Closure))
#20 C:\\Users\\gubez\\OneDrive\\Área de Trabalho\\SPOPWEB_Pokemon_form_Lavaravel\\pokemon_mvc\\vendor\\laravel\\framework\\src\\Illuminate\\Cookie\\Middleware\\EncryptCookies.php(75): Illuminate\\Pipeline\\Pipeline->Illuminate\\Pipeline\\{closure}(Object(Illuminate\\Http\\Request))
#21 C:\\Users\\gubez\\OneDrive\\Área de Trabalho\\SPOPWEB_Pokemon_form_Lavaravel\\pokemon_mvc\\vendor\\laravel\\framework\\src\\Illuminate\\Pipeline\\Pipeline.php(209): Illuminate\\Cookie\\Middleware\\EncryptCookies->handle(Object(Illuminate\\Http\\Request), Object(Closure))
#22 C:\\Users\\gubez\\OneDrive\\Área de Trabalho\\SPOPWEB_Pokemon_form_Lavaravel\\pokemon_mvc\\vendor\\laravel\\framework\\src\\Illuminate\\Pipeline\\Pipeline.php(127): Illuminate\\Pipeline\\Pipeline->Illuminate\\Pipeline\\{closure}(Object(Illuminate\\Http\\Request))
#23 C:\\Users\\gubez\\OneDrive\\Área de Trabalho\\SPOPWEB_Pokemon_form_Lavaravel\\pokemon_mvc\\vendor\\laravel\\framework\\src\\Illuminate\\Routing\\Router.php(807): Illuminate\\Pipeline\\Pipeline->then(Object(Closure))
#24 C:\\Users\\gubez\\OneDrive\\Área de Trabalho\\SPOPWEB_Pokemon_form_Lavaravel\\pokemon_mvc\\vendor\\laravel\\framework\\src\\Illuminate\\Routing\\Router.php(786): Illuminate\\Routing\\Router->runRouteWithinStack(Object(Illuminate\\Routing\\Route), Object(Illuminate\\Http\\Request))
#25 C:\\Users\\gubez\\OneDrive\\Área de Trabalho\\SPOPWEB_Pokemon_form_Lavaravel\\pokemon_mvc\\vendor\\laravel\\framework\\src\\Illuminate\\Routing\\Router.php(750): Illuminate\\Routing\\Router->runRoute(Object(Illuminate\\Http\\Request), Object(Illuminate\\Routing\\Route))
#26 C:\\Users\\gubez\\OneDrive\\Área de Trabalho\\SPOPWEB_Pokemon_form_Lavaravel\\pokemon_mvc\\vendor\\laravel\\framework\\src\\Illuminate\\Routing\\Router.php(739): Illuminate\\Routing\\Router->dispatchToRoute(Object(Illuminate\\Http\\Request))
#27 C:\\Users\\gubez\\OneDrive\\Área de Trabalho\\SPOPWEB_Pokemon_form_Lavaravel\\pokemon_mvc\\vendor\\laravel\\framework\\src\\Illuminate\\Foundation\\Http\\Kernel.php(201): Illuminate\\Routing\\Router->dispatch(Object(Illuminate\\Http\\Request))
#28 C:\\Users\\gubez\\OneDrive\\Área de Trabalho\\SPOPWEB_Pokemon_form_Lavaravel\\pokemon_mvc\\vendor\\laravel\\framework\\src\\Illuminate\\Pipeline\\Pipeline.php(170): Illuminate\\Foundation\\Http\\Kernel->Illuminate\\Foundation\\Http\\{closure}(Object(Illuminate\\Http\\Request))
#29 C:\\Users\\gubez\\OneDrive\\Área de Trabalho\\SPOPWEB_Pokemon_form_Lavaravel\\pokemon_mvc\\vendor\\laravel\\framework\\src\\Illuminate\\Foundation\\Http\\Middleware\\TransformsRequest.php(21): Illuminate\\Pipeline\\Pipeline->Illuminate\\Pipeline\\{closure}(Object(Illuminate\\Http\\Request))
#30 C:\\Users\\gubez\\OneDrive\\Área de Trabalho\\SPOPWEB_Pokemon_form_Lavaravel\\pokemon_mvc\\vendor\\laravel\\framework\\src\\Illuminate\\Foundation\\Http\\Middleware\\ConvertEmptyStringsToNull.php(31): Illuminate\\Foundation\\Http\\Middleware\\TransformsRequest->handle(Object(Illuminate\\Http\\Request), Object(Closure))
#31 C:\\Users\\gubez\\OneDrive\\Área de Trabalho\\SPOPWEB_Pokemon_form_Lavaravel\\pokemon_mvc\\vendor\\laravel\\framework\\src\\Illuminate\\Pipeline\\Pipeline.php(209): Illuminate\\Foundation\\Http\\Middleware\\ConvertEmptyStringsToNull->handle(Object(Illuminate\\Http\\Request), Object(Closure))
#32 C:\\Users\\gubez\\OneDrive\\Área de Trabalho\\SPOPWEB_Pokemon_form_Lavaravel\\pokemon_mvc\\vendor\\laravel\\framework\\src\\Illuminate\\Foundation\\Http\\Middleware\\TransformsRequest.php(21): Illuminate\\Pipeline\\Pipeline->Illuminate\\Pipeline\\{closure}(Object(Illuminate\\Http\\Request))
#33 C:\\Users\\gubez\\OneDrive\\Área de Trabalho\\SPOPWEB_Pokemon_form_Lavaravel\\pokemon_mvc\\vendor\\laravel\\framework\\src\\Illuminate\\Foundation\\Http\\Middleware\\TrimStrings.php(51): Illuminate\\Foundation\\Http\\Middleware\\TransformsRequest->handle(Object(Illuminate\\Http\\Request), Object(Closure))
#34 C:\\Users\\gubez\\OneDrive\\Área de Trabalho\\SPOPWEB_Pokemon_form_Lavaravel\\pokemon_mvc\\vendor\\laravel\\framework\\src\\Illuminate\\Pipeline\\Pipeline.php(209): Illuminate\\Foundation\\Http\\Middleware\\TrimStrings->handle(Object(Illuminate\\Http\\Request), Object(Closure))
#35 C:\\Users\\gubez\\OneDrive\\Área de Trabalho\\SPOPWEB_Pokemon_form_Lavaravel\\pokemon_mvc\\vendor\\laravel\\framework\\src\\Illuminate\\Http\\Middleware\\ValidatePostSize.php(27): Illuminate\\Pipeline\\Pipeline->Illuminate\\Pipeline\\{closure}(Object(Illuminate\\Http\\Request))
#36 C:\\Users\\gubez\\OneDrive\\Área de Trabalho\\SPOPWEB_Pokemon_form_Lavaravel\\pokemon_mvc\\vendor\\laravel\\framework\\src\\Illuminate\\Pipeline\\Pipeline.php(209): Illuminate\\Http\\Middleware\\ValidatePostSize->handle(Object(Illuminate\\Http\\Request), Object(Closure))
#37 C:\\Users\\gubez\\OneDrive\\Área de Trabalho\\SPOPWEB_Pokemon_form_Lavaravel\\pokemon_mvc\\vendor\\laravel\\framework\\src\\Illuminate\\Foundation\\Http\\Middleware\\PreventRequestsDuringMaintenance.php(110): Illuminate\\Pipeline\\Pipeline->Illuminate\\Pipeline\\{closure}(Object(Illuminate\\Http\\Request))
#38 C:\\Users\\gubez\\OneDrive\\Área de Trabalho\\SPOPWEB_Pokemon_form_Lavaravel\\pokemon_mvc\\vendor\\laravel\\framework\\src\\Illuminate\\Pipeline\\Pipeline.php(209): Illuminate\\Foundation\\Http\\Middleware\\PreventRequestsDuringMaintenance->handle(Object(Illuminate\\Http\\Request), Object(Closure))
#39 C:\\Users\\gubez\\OneDrive\\Área de Trabalho\\SPOPWEB_Pokemon_form_Lavaravel\\pokemon_mvc\\vendor\\laravel\\framework\\src\\Illuminate\\Http\\Middleware\\HandleCors.php(49): Illuminate\\Pipeline\\Pipeline->Illuminate\\Pipeline\\{closure}(Object(Illuminate\\Http\\Request))
#40 C:\\Users\\gubez\\OneDrive\\Área de Trabalho\\SPOPWEB_Pokemon_form_Lavaravel\\pokemon_mvc\\vendor\\laravel\\framework\\src\\Illuminate\\Pipeline\\Pipeline.php(209): Illuminate\\Http\\Middleware\\HandleCors->handle(Object(Illuminate\\Http\\Request), Object(Closure))
#41 C:\\Users\\gubez\\OneDrive\\Área de Trabalho\\SPOPWEB_Pokemon_form_Lavaravel\\pokemon_mvc\\vendor\\laravel\\framework\\src\\Illuminate\\Http\\Middleware\\TrustProxies.php(58): Illuminate\\Pipeline\\Pipeline->Illuminate\\Pipeline\\{closure}(Object(Illuminate\\Http\\Request))
#42 C:\\Users\\gubez\\OneDrive\\Área de Trabalho\\SPOPWEB_Pokemon_form_Lavaravel\\pokemon_mvc\\vendor\\laravel\\framework\\src\\Illuminate\\Pipeline\\Pipeline.php(209): Illuminate\\Http\\Middleware\\TrustProxies->handle(Object(Illuminate\\Http\\Request), Object(Closure))
#43 C:\\Users\\gubez\\OneDrive\\Área de Trabalho\\SPOPWEB_Pokemon_form_Lavaravel\\pokemon_mvc\\vendor\\laravel\\framework\\src\\Illuminate\\Foundation\\Http\\Middleware\\InvokeDeferredCallbacks.php(22): Illuminate\\Pipeline\\Pipeline->Illuminate\\Pipeline\\{closure}(Object(Illuminate\\Http\\Request))
#44 C:\\Users\\gubez\\OneDrive\\Área de Trabalho\\SPOPWEB_Pokemon_form_Lavaravel\\pokemon_mvc\\vendor\\laravel\\framework\\src\\Illuminate\\Pipeline\\Pipeline.php(209): Illuminate\\Foundation\\Http\\Middleware\\InvokeDeferredCallbacks->handle(Object(Illuminate\\Http\\Request), Object(Closure))
#45 C:\\Users\\gubez\\OneDrive\\Área de Trabalho\\SPOPWEB_Pokemon_form_Lavaravel\\pokemon_mvc\\vendor\\laravel\\framework\\src\\Illuminate\\Pipeline\\Pipeline.php(127): Illuminate\\Pipeline\\Pipeline->Illuminate\\Pipeline\\{closure}(Object(Illuminate\\Http\\Request))
#46 C:\\Users\\gubez\\OneDrive\\Área de Trabalho\\SPOPWEB_Pokemon_form_Lavaravel\\pokemon_mvc\\vendor\\laravel\\framework\\src\\Illuminate\\Foundation\\Http\\Kernel.php(176): Illuminate\\Pipeline\\Pipeline->then(Object(Closure))
#47 C:\\Users\\gubez\\OneDrive\\Área de Trabalho\\SPOPWEB_Pokemon_form_Lavaravel\\pokemon_mvc\\vendor\\laravel\\framework\\src\\Illuminate\\Foundation\\Http\\Kernel.php(145): Illuminate\\Foundation\\Http\\Kernel->sendRequestThroughRouter(Object(Illuminate\\Http\\Request))
#48 C:\\Users\\gubez\\OneDrive\\Área de Trabalho\\SPOPWEB_Pokemon_form_Lavaravel\\pokemon_mvc\\vendor\\laravel\\framework\\src\\Illuminate\\Foundation\\Application.php(1220): Illuminate\\Foundation\\Http\\Kernel->handle(Object(Illuminate\\Http\\Request))
#49 C:\\Users\\gubez\\OneDrive\\Área de Trabalho\\SPOPWEB_Pokemon_form_Lavaravel\\pokemon_mvc\\public\\index.php(17): Illuminate\\Foundation\\Application->handleRequest(Object(Illuminate\\Http\\Request))
#50 C:\\Users\\gubez\\OneDrive\\Área de Trabalho\\SPOPWEB_Pokemon_form_Lavaravel\\pokemon_mvc\\vendor\\laravel\\framework\\src\\Illuminate\\Foundation\\resources\\server.php(23): require_once('C:\\\\Users\\\\gubez\\\\...')
#51 {main}

[previous exception] [object] (Illuminate\\Database\\SQLiteDatabaseDoesNotExistException(code: 0): Database file at path [C:\\Users\\gubez\\OneDrive\\Área de Trabalho\\SPOPWEB_Pokemon_form_Lavaravel\\pokemon_mvc\\database\\database.sqlite] does not exist. Ensure this is an absolute path to the database. at C:\\Users\\gubez\\OneDrive\\Área de Trabalho\\SPOPWEB_Pokemon_form_Lavaravel\\pokemon_mvc\\vendor\\laravel\\framework\\src\\Illuminate\\Database\\Connectors\\SQLiteConnector.php:37)
[stacktrace]
#0 C:\\Users\\gubez\\OneDrive\\Área de Trabalho\\SPOPWEB_Pokemon_form_Lavaravel\\pokemon_mvc\\vendor\\laravel\\framework\\src\\Illuminate\\Database\\Connectors\\ConnectionFactory.php(224): Illuminate\\Database\\Connectors\\SQLiteConnector->connect(Array)
#1 [internal function]: Illuminate\\Database\\Connectors\\ConnectionFactory->Illuminate\\Database\\Connectors\\{closure}()
#2 C:\\Users\\gubez\\OneDrive\\Área de Trabalho\\SPOPWEB_Pokemon_form_Lavaravel\\pokemon_mvc\\vendor\\laravel\\framework\\src\\Illuminate\\Database\\Connection.php(1231): call_user_func(Object(Closure))
#3 C:\\Users\\gubez\\OneDrive\\Área de Trabalho\\SPOPWEB_Pokemon_form_Lavaravel\\pokemon_mvc\\vendor\\laravel\\framework\\src\\Illuminate\\Database\\Connection.php(512): Illuminate\\Database\\Connection->getPdo()
#4 C:\\Users\\gubez\\OneDrive\\Área de Trabalho\\SPOPWEB_Pokemon_form_Lavaravel\\pokemon_mvc\\vendor\\laravel\\framework\\src\\Illuminate\\Database\\Connection.php(407): Illuminate\\Database\\Connection->getPdoForSelect(false)
#5 C:\\Users\\gubez\\OneDrive\\Área de Trabalho\\SPOPWEB_Pokemon_form_Lavaravel\\pokemon_mvc\\vendor\\laravel\\framework\\src\\Illuminate\\Database\\Connection.php(812): Illuminate\\Database\\Connection->Illuminate\\Database\\{closure}('select * from \"...', Array)
#6 C:\\Users\\gubez\\OneDrive\\Área de Trabalho\\SPOPWEB_Pokemon_form_Lavaravel\\pokemon_mvc\\vendor\\laravel\\framework\\src\\Illuminate\\Database\\Connection.php(779): Illuminate\\Database\\Connection->runQueryCallback('select * from \"...', Array, Object(Closure))
#7 C:\\Users\\gubez\\OneDrive\\Área de Trabalho\\SPOPWEB_Pokemon_form_Lavaravel\\pokemon_mvc\\vendor\\laravel\\framework\\src\\Illuminate\\Database\\Connection.php(398): Illuminate\\Database\\Connection->run('select * from \"...', Array, Object(Closure))
#8 C:\\Users\\gubez\\OneDrive\\Área de Trabalho\\SPOPWEB_Pokemon_form_Lavaravel\\pokemon_mvc\\vendor\\laravel\\framework\\src\\Illuminate\\Database\\Query\\Builder.php(3106): Illuminate\\Database\\Connection->select('select * from \"...', Array, false)
#9 C:\\Users\\gubez\\OneDrive\\Área de Trabalho\\SPOPWEB_Pokemon_form_Lavaravel\\pokemon_mvc\\vendor\\laravel\\framework\\src\\Illuminate\\Database\\Query\\Builder.php(3091): Illuminate\\Database\\Query\\Builder->runSelect()
#10 C:\\Users\\gubez\\OneDrive\\Área de Trabalho\\SPOPWEB_Pokemon_form_Lavaravel\\pokemon_mvc\\vendor\\laravel\\framework\\src\\Illuminate\\Database\\Query\\Builder.php(3676): Illuminate\\Database\\Query\\Builder->Illuminate\\Database\\Query\\{closure}()
#11 C:\\Users\\gubez\\OneDrive\\Área de Trabalho\\SPOPWEB_Pokemon_form_Lavaravel\\pokemon_mvc\\vendor\\laravel\\framework\\src\\Illuminate\\Database\\Query\\Builder.php(3090): Illuminate\\Database\\Query\\Builder->onceWithColumns(Array, Object(Closure))
#12 C:\\Users\\gubez\\OneDrive\\Área de Trabalho\\SPOPWEB_Pokemon_form_Lavaravel\\pokemon_mvc\\vendor\\laravel\\framework\\src\\Illuminate\\Database\\Concerns\\BuildsQueries.php(343): Illuminate\\Database\\Query\\Builder->get(Array)
#13 C:\\Users\\gubez\\OneDrive\\Área de Trabalho\\SPOPWEB_Pokemon_form_Lavaravel\\pokemon_mvc\\vendor\\laravel\\framework\\src\\Illuminate\\Database\\Query\\Builder.php(3013): Illuminate\\Database\\Query\\Builder->first(Array)
#14 C:\\Users\\gubez\\OneDrive\\Área de Trabalho\\SPOPWEB_Pokemon_form_Lavaravel\\pokemon_mvc\\vendor\\laravel\\framework\\src\\Illuminate\\Session\\DatabaseSessionHandler.php(97): Illuminate\\Database\\Query\\Builder->find('G84xYZGEDjRUzmb...')
#15 C:\\Users\\gubez\\OneDrive\\Área de Trabalho\\SPOPWEB_Pokemon_form_Lavaravel\\pokemon_mvc\\vendor\\laravel\\framework\\src\\Illuminate\\Session\\Store.php(117): Illuminate\\Session\\DatabaseSessionHandler->read('G84xYZGEDjRUzmb...')
#16 C:\\Users\\gubez\\OneDrive\\Área de Trabalho\\SPOPWEB_Pokemon_form_Lavaravel\\pokemon_mvc\\vendor\\laravel\\framework\\src\\Illuminate\\Session\\Store.php(105): Illuminate\\Session\\Store->readFromHandler()
#17 C:\\Users\\gubez\\OneDrive\\Área de Trabalho\\SPOPWEB_Pokemon_form_Lavaravel\\pokemon_mvc\\vendor\\laravel\\framework\\src\\Illuminate\\Session\\Store.php(89): Illuminate\\Session\\Store->loadSession()
#18 C:\\Users\\gubez\\OneDrive\\Área de Trabalho\\SPOPWEB_Pokemon_form_Lavaravel\\pokemon_mvc\\vendor\\laravel\\framework\\src\\Illuminate\\Session\\Middleware\\StartSession.php(147): Illuminate\\Session\\Store->start()
#19 C:\\Users\\gubez\\OneDrive\\Área de Trabalho\\SPOPWEB_Pokemon_form_Lavaravel\\pokemon_mvc\\vendor\\laravel\\framework\\src\\Illuminate\\Support\\helpers.php(399): Illuminate\\Session\\Middleware\\StartSession->Illuminate\\Session\\Middleware\\{closure}(Object(Illuminate\\Session\\Store))
#20 C:\\Users\\gubez\\OneDrive\\Área de Trabalho\\SPOPWEB_Pokemon_form_Lavaravel\\pokemon_mvc\\vendor\\laravel\\framework\\src\\Illuminate\\Session\\Middleware\\StartSession.php(144): tap(Object(Illuminate\\Session\\Store), Object(Closure))
#21 C:\\Users\\gubez\\OneDrive\\Área de Trabalho\\SPOPWEB_Pokemon_form_Lavaravel\\pokemon_mvc\\vendor\\laravel\\framework\\src\\Illuminate\\Session\\Middleware\\StartSession.php(116): Illuminate\\Session\\Middleware\\StartSession->startSession(Object(Illuminate\\Http\\Request), Object(Illuminate\\Session\\Store))
#22 C:\\Users\\gubez\\OneDrive\\Área de Trabalho\\SPOPWEB_Pokemon_form_Lavaravel\\pokemon_mvc\\vendor\\laravel\\framework\\src\\Illuminate\\Session\\Middleware\\StartSession.php(64): Illuminate\\Session\\Middleware\\StartSession->handleStatefulRequest(Object(Illuminate\\Http\\Request), Object(Illuminate\\Session\\Store), Object(Closure))
#23 C:\\Users\\gubez\\OneDrive\\Área de Trabalho\\SPOPWEB_Pokemon_form_Lavaravel\\pokemon_mvc\\vendor\\laravel\\framework\\src\\Illuminate\\Pipeline\\Pipeline.php(209): Illuminate\\Session\\Middleware\\StartSession->handle(Object(Illuminate\\Http\\Request), Object(Closure))
#24 C:\\Users\\gubez\\OneDrive\\Área de Trabalho\\SPOPWEB_Pokemon_form_Lavaravel\\pokemon_mvc\\vendor\\laravel\\framework\\src\\Illuminate\\Cookie\\Middleware\\AddQueuedCookiesToResponse.php(37): Illuminate\\Pipeline\\Pipeline->Illuminate\\Pipeline\\{closure}(Object(Illuminate\\Http\\Request))
#25 C:\\Users\\gubez\\OneDrive\\Área de Trabalho\\SPOPWEB_Pokemon_form_Lavaravel\\pokemon_mvc\\vendor\\laravel\\framework\\src\\Illuminate\\Pipeline\\Pipeline.php(209): Illuminate\\Cookie\\Middleware\\AddQueuedCookiesToResponse->handle(Object(Illuminate\\Http\\Request), Object(Closure))
#26 C:\\Users\\gubez\\OneDrive\\Área de Trabalho\\SPOPWEB_Pokemon_form_Lavaravel\\pokemon_mvc\\vendor\\laravel\\framework\\src\\Illuminate\\Cookie\\Middleware\\EncryptCookies.php(75): Illuminate\\Pipeline\\Pipeline->Illuminate\\Pipeline\\{closure}(Object(Illuminate\\Http\\Request))
#27 C:\\Users\\gubez\\OneDrive\\Área de Trabalho\\SPOPWEB_Pokemon_form_Lavaravel\\pokemon_mvc\\vendor\\laravel\\framework\\src\\Illuminate\\Pipeline\\Pipeline.php(209): Illuminate\\Cookie\\Middleware\\EncryptCookies->handle(Object(Illuminate\\Http\\Request), Object(Closure))
#28 C:\\Users\\gubez\\OneDrive\\Área de Trabalho\\SPOPWEB_Pokemon_form_Lavaravel\\pokemon_mvc\\vendor\\laravel\\framework\\src\\Illuminate\\Pipeline\\Pipeline.php(127): Illuminate\\Pipeline\\Pipeline->Illuminate\\Pipeline\\{closure}(Object(Illuminate\\Http\\Request))
#29 C:\\Users\\gubez\\OneDrive\\Área de Trabalho\\SPOPWEB_Pokemon_form_Lavaravel\\pokemon_mvc\\vendor\\laravel\\framework\\src\\Illuminate\\Routing\\Router.php(807): Illuminate\\Pipeline\\Pipeline->then(Object(Closure))
#30 C:\\Users\\gubez\\OneDrive\\Área de Trabalho\\SPOPWEB_Pokemon_form_Lavaravel\\pokemon_mvc\\vendor\\laravel\\framework\\src\\Illuminate\\Routing\\Router.php(786): Illuminate\\Routing\\Router->runRouteWithinStack(Object(Illuminate\\Routing\\Route), Object(Illuminate\\Http\\Request))
#31 C:\\Users\\gubez\\OneDrive\\Área de Trabalho\\SPOPWEB_Pokemon_form_Lavaravel\\pokemon_mvc\\vendor\\laravel\\framework\\src\\Illuminate\\Routing\\Router.php(750): Illuminate\\Routing\\Router->runRoute(Object(Illuminate\\Http\\Request), Object(Illuminate\\Routing\\Route))
#32 C:\\Users\\gubez\\OneDrive\\Área de Trabalho\\SPOPWEB_Pokemon_form_Lavaravel\\pokemon_mvc\\vendor\\laravel\\framework\\src\\Illuminate\\Routing\\Router.php(739): Illuminate\\Routing\\Router->dispatchToRoute(Object(Illuminate\\Http\\Request))
#33 C:\\Users\\gubez\\OneDrive\\Área de Trabalho\\SPOPWEB_Pokemon_form_Lavaravel\\pokemon_mvc\\vendor\\laravel\\framework\\src\\Illuminate\\Foundation\\Http\\Kernel.php(201): Illuminate\\Routing\\Router->dispatch(Object(Illuminate\\Http\\Request))
#34 C:\\Users\\gubez\\OneDrive\\Área de Trabalho\\SPOPWEB_Pokemon_form_Lavaravel\\pokemon_mvc\\vendor\\laravel\\framework\\src\\Illuminate\\Pipeline\\Pipeline.php(170): Illuminate\\Foundation\\Http\\Kernel->Illuminate\\Foundation\\Http\\{closure}(Object(Illuminate\\Http\\Request))
#35 C:\\Users\\gubez\\OneDrive\\Área de Trabalho\\SPOPWEB_Pokemon_form_Lavaravel\\pokemon_mvc\\vendor\\laravel\\framework\\src\\Illuminate\\Foundation\\Http\\Middleware\\TransformsRequest.php(21): Illuminate\\Pipeline\\Pipeline->Illuminate\\Pipeline\\{closure}(Object(Illuminate\\Http\\Request))
#36 C:\\Users\\gubez\\OneDrive\\Área de Trabalho\\SPOPWEB_Pokemon_form_Lavaravel\\pokemon_mvc\\vendor\\laravel\\framework\\src\\Illuminate\\Foundation\\Http\\Middleware\\ConvertEmptyStringsToNull.php(31): Illuminate\\Foundation\\Http\\Middleware\\TransformsRequest->handle(Object(Illuminate\\Http\\Request), Object(Closure))
#37 C:\\Users\\gubez\\OneDrive\\Área de Trabalho\\SPOPWEB_Pokemon_form_Lavaravel\\pokemon_mvc\\vendor\\laravel\\framework\\src\\Illuminate\\Pipeline\\Pipeline.php(209): Illuminate\\Foundation\\Http\\Middleware\\ConvertEmptyStringsToNull->handle(Object(Illuminate\\Http\\Request), Object(Closure))
#38 C:\\Users\\gubez\\OneDrive\\Área de Trabalho\\SPOPWEB_Pokemon_form_Lavaravel\\pokemon_mvc\\vendor\\laravel\\framework\\src\\Illuminate\\Foundation\\Http\\Middleware\\TransformsRequest.php(21): Illuminate\\Pipeline\\Pipeline->Illuminate\\Pipeline\\{closure}(Object(Illuminate\\Http\\Request))
#39 C:\\Users\\gubez\\OneDrive\\Área de Trabalho\\SPOPWEB_Pokemon_form_Lavaravel\\pokemon_mvc\\vendor\\laravel\\framework\\src\\Illuminate\\Foundation\\Http\\Middleware\\TrimStrings.php(51): Illuminate\\Foundation\\Http\\Middleware\\TransformsRequest->handle(Object(Illuminate\\Http\\Request), Object(Closure))
#40 C:\\Users\\gubez\\OneDrive\\Área de Trabalho\\SPOPWEB_Pokemon_form_Lavaravel\\pokemon_mvc\\vendor\\laravel\\framework\\src\\Illuminate\\Pipeline\\Pipeline.php(209): Illuminate\\Foundation\\Http\\Middleware\\TrimStrings->handle(Object(Illuminate\\Http\\Request), Object(Closure))
#41 C:\\Users\\gubez\\OneDrive\\Área de Trabalho\\SPOPWEB_Pokemon_form_Lavaravel\\pokemon_mvc\\vendor\\laravel\\framework\\src\\Illuminate\\Http\\Middleware\\ValidatePostSize.php(27): Illuminate\\Pipeline\\Pipeline->Illuminate\\Pipeline\\{closure}(Object(Illuminate\\Http\\Request))
#42 C:\\Users\\gubez\\OneDrive\\Área de Trabalho\\SPOPWEB_Pokemon_form_Lavaravel\\pokemon_mvc\\vendor\\laravel\\framework\\src\\Illuminate\\Pipeline\\Pipeline.php(209): Illuminate\\Http\\Middleware\\ValidatePostSize->handle(Object(Illuminate\\Http\\Request), Object(Closure))
#43 C:\\Users\\gubez\\OneDrive\\Área de Trabalho\\SPOPWEB_Pokemon_form_Lavaravel\\pokemon_mvc\\vendor\\laravel\\framework\\src\\Illuminate\\Foundation\\Http\\Middleware\\PreventRequestsDuringMaintenance.php(110): Illuminate\\Pipeline\\Pipeline->Illuminate\\Pipeline\\{closure}(Object(Illuminate\\Http\\Request))
#44 C:\\Users\\gubez\\OneDrive\\Área de Trabalho\\SPOPWEB_Pokemon_form_Lavaravel\\pokemon_mvc\\vendor\\laravel\\framework\\src\\Illuminate\\Pipeline\\Pipeline.php(209): Illuminate\\Foundation\\Http\\Middleware\\PreventRequestsDuringMaintenance->handle(Object(Illuminate\\Http\\Request), Object(Closure))
#45 C:\\Users\\gubez\\OneDrive\\Área de Trabalho\\SPOPWEB_Pokemon_form_Lavaravel\\pokemon_mvc\\vendor\\laravel\\framework\\src\\Illuminate\\Http\\Middleware\\HandleCors.php(49): Illuminate\\Pipeline\\Pipeline->Illuminate\\Pipeline\\{closure}(Object(Illuminate\\Http\\Request))
#46 C:\\Users\\gubez\\OneDrive\\Área de Trabalho\\SPOPWEB_Pokemon_form_Lavaravel\\pokemon_mvc\\vendor\\laravel\\framework\\src\\Illuminate\\Pipeline\\Pipeline.php(209): Illuminate\\Http\\Middleware\\HandleCors->handle(Object(Illuminate\\Http\\Request), Object(Closure))
#47 C:\\Users\\gubez\\OneDrive\\Área de Trabalho\\SPOPWEB_Pokemon_form_Lavaravel\\pokemon_mvc\\vendor\\laravel\\framework\\src\\Illuminate\\Http\\Middleware\\TrustProxies.php(58): Illuminate\\Pipeline\\Pipeline->Illuminate\\Pipeline\\{closure}(Object(Illuminate\\Http\\Request))
#48 C:\\Users\\gubez\\OneDrive\\Área de Trabalho\\SPOPWEB_Pokemon_form_Lavaravel\\pokemon_mvc\\vendor\\laravel\\framework\\src\\Illuminate\\Pipeline\\Pipeline.php(209): Illuminate\\Http\\Middleware\\TrustProxies->handle(Object(Illuminate\\Http\\Request), Object(Closure))
#49 C:\\Users\\gubez\\OneDrive\\Área de Trabalho\\SPOPWEB_Pokemon_form_Lavaravel\\pokemon_mvc\\vendor\\laravel\\framework\\src\\Illuminate\\Foundation\\Http\\Middleware\\InvokeDeferredCallbacks.php(22): Illuminate\\Pipeline\\Pipeline->Illuminate\\Pipeline\\{closure}(Object(Illuminate\\Http\\Request))
#50 C:\\Users\\gubez\\OneDrive\\Área de Trabalho\\SPOPWEB_Pokemon_form_Lavaravel\\pokemon_mvc\\vendor\\laravel\\framework\\src\\Illuminate\\Pipeline\\Pipeline.php(209): Illuminate\\Foundation\\Http\\Middleware\\InvokeDeferredCallbacks->handle(Object(Illuminate\\Http\\Request), Object(Closure))
#51 C:\\Users\\gubez\\OneDrive\\Área de Trabalho\\SPOPWEB_Pokemon_form_Lavaravel\\pokemon_mvc\\vendor\\laravel\\framework\\src\\Illuminate\\Pipeline\\Pipeline.php(127): Illuminate\\Pipeline\\Pipeline->Illuminate\\Pipeline\\{closure}(Object(Illuminate\\Http\\Request))
#52 C:\\Users\\gubez\\OneDrive\\Área de Trabalho\\SPOPWEB_Pokemon_form_Lavaravel\\pokemon_mvc\\vendor\\laravel\\framework\\src\\Illuminate\\Foundation\\Http\\Kernel.php(176): Illuminate\\Pipeline\\Pipeline->then(Object(Closure))
#53 C:\\Users\\gubez\\OneDrive\\Área de Trabalho\\SPOPWEB_Pokemon_form_Lavaravel\\pokemon_mvc\\vendor\\laravel\\framework\\src\\Illuminate\\Foundation\\Http\\Kernel.php(145): Illuminate\\Foundation\\Http\\Kernel->sendRequestThroughRouter(Object(Illuminate\\Http\\Request))
#54 C:\\Users\\gubez\\OneDrive\\Área de Trabalho\\SPOPWEB_Pokemon_form_Lavaravel\\pokemon_mvc\\vendor\\laravel\\framework\\src\\Illuminate\\Foundation\\Application.php(1220): Illuminate\\Foundation\\Http\\Kernel->handle(Object(Illuminate\\Http\\Request))
#55 C:\\Users\\gubez\\OneDrive\\Área de Trabalho\\SPOPWEB_Pokemon_form_Lavaravel\\pokemon_mvc\\public\\index.php(17): Illuminate\\Foundation\\Application->handleRequest(Object(Illuminate\\Http\\Request))
#56 C:\\Users\\gubez\\OneDrive\\Área de Trabalho\\SPOPWEB_Pokemon_form_Lavaravel\\pokemon_mvc\\vendor\\laravel\\framework\\src\\Illuminate\\Foundation\\resources\\server.php(23): require_once('C:\\\\Users\\\\gubez\\\\...')
#57 {main}
"} 
[2025-11-21 15:47:36] local.ERROR: Database file at path [C:\Users\gubez\OneDrive\Área de Trabalho\SPOPWEB_Pokemon_form_Lavaravel\pokemon_mvc\database\database.sqlite] does not exist. Ensure this is an absolute path to the database. (Connection: sqlite, SQL: select * from "sessions" where "id" = jsGqM32CiJDmjOKKCpQ0xguXfl9OD5uLsPhcKdMm limit 1) {"exception":"[object] (Illuminate\\Database\\QueryException(code: 0): Database file at path [C:\\Users\\gubez\\OneDrive\\Área de Trabalho\\SPOPWEB_Pokemon_form_Lavaravel\\pokemon_mvc\\database\\database.sqlite] does not exist. Ensure this is an absolute path to the database. (Connection: sqlite, SQL: select * from \"sessions\" where \"id\" = jsGqM32CiJDmjOKKCpQ0xguXfl9OD5uLsPhcKdMm limit 1) at C:\\Users\\gubez\\OneDrive\\Área de Trabalho\\SPOPWEB_Pokemon_form_Lavaravel\\pokemon_mvc\\vendor\\laravel\\framework\\src\\Illuminate\\Database\\Connection.php:825)
[stacktrace]
#0 C:\\Users\\gubez\\OneDrive\\Área de Trabalho\\SPOPWEB_Pokemon_form_Lavaravel\\pokemon_mvc\\vendor\\laravel\\framework\\src\\Illuminate\\Database\\Connection.php(779): Illuminate\\Database\\Connection->runQueryCallback('select * from \"...', Array, Object(Closure))
#1 C:\\Users\\gubez\\OneDrive\\Área de Trabalho\\SPOPWEB_Pokemon_form_Lavaravel\\pokemon_mvc\\vendor\\laravel\\framework\\src\\Illuminate\\Database\\Connection.php(398): Illuminate\\Database\\Connection->run('select * from \"...', Array, Object(Closure))
#2 C:\\Users\\gubez\\OneDrive\\Área de Trabalho\\SPOPWEB_Pokemon_form_Lavaravel\\pokemon_mvc\\vendor\\laravel\\framework\\src\\Illuminate\\Database\\Query\\Builder.php(3106): Illuminate\\Database\\Connection->select('select * from \"...', Array, false)
#3 C:\\Users\\gubez\\OneDrive\\Área de Trabalho\\SPOPWEB_Pokemon_form_Lavaravel\\pokemon_mvc\\vendor\\laravel\\framework\\src\\Illuminate\\Database\\Query\\Builder.php(3091): Illuminate\\Database\\Query\\Builder->runSelect()
#4 C:\\Users\\gubez\\OneDrive\\Área de Trabalho\\SPOPWEB_Pokemon_form_Lavaravel\\pokemon_mvc\\vendor\\laravel\\framework\\src\\Illuminate\\Database\\Query\\Builder.php(3676): Illuminate\\Database\\Query\\Builder->Illuminate\\Database\\Query\\{closure}()
#5 C:\\Users\\gubez\\OneDrive\\Área de Trabalho\\SPOPWEB_Pokemon_form_Lavaravel\\pokemon_mvc\\vendor\\laravel\\framework\\src\\Illuminate\\Database\\Query\\Builder.php(3090): Illuminate\\Database\\Query\\Builder->onceWithColumns(Array, Object(Closure))
#6 C:\\Users\\gubez\\OneDrive\\Área de Trabalho\\SPOPWEB_Pokemon_form_Lavaravel\\pokemon_mvc\\vendor\\laravel\\framework\\src\\Illuminate\\Database\\Concerns\\BuildsQueries.php(343): Illuminate\\Database\\Query\\Builder->get(Array)
#7 C:\\Users\\gubez\\OneDrive\\Área de Trabalho\\SPOPWEB_Pokemon_form_Lavaravel\\pokemon_mvc\\vendor\\laravel\\framework\\src\\Illuminate\\Database\\Query\\Builder.php(3013): Illuminate\\Database\\Query\\Builder->first(Array)
#8 C:\\Users\\gubez\\OneDrive\\Área de Trabalho\\SPOPWEB_Pokemon_form_Lavaravel\\pokemon_mvc\\vendor\\laravel\\framework\\src\\Illuminate\\Session\\DatabaseSessionHandler.php(97): Illuminate\\Database\\Query\\Builder->find('jsGqM32CiJDmjOK...')
#9 C:\\Users\\gubez\\OneDrive\\Área de Trabalho\\SPOPWEB_Pokemon_form_Lavaravel\\pokemon_mvc\\vendor\\laravel\\framework\\src\\Illuminate\\Session\\Store.php(117): Illuminate\\Session\\DatabaseSessionHandler->read('jsGqM32CiJDmjOK...')
#10 C:\\Users\\gubez\\OneDrive\\Área de Trabalho\\SPOPWEB_Pokemon_form_Lavaravel\\pokemon_mvc\\vendor\\laravel\\framework\\src\\Illuminate\\Session\\Store.php(105): Illuminate\\Session\\Store->readFromHandler()
#11 C:\\Users\\gubez\\OneDrive\\Área de Trabalho\\SPOPWEB_Pokemon_form_Lavaravel\\pokemon_mvc\\vendor\\laravel\\framework\\src\\Illuminate\\Session\\Store.php(89): Illuminate\\Session\\Store->loadSession()
#12 C:\\Users\\gubez\\OneDrive\\Área de Trabalho\\SPOPWEB_Pokemon_form_Lavaravel\\pokemon_mvc\\vendor\\laravel\\framework\\src\\Illuminate\\Session\\Middleware\\StartSession.php(147): Illuminate\\Session\\Store->start()
#13 C:\\Users\\gubez\\OneDrive\\Área de Trabalho\\SPOPWEB_Pokemon_form_Lavaravel\\pokemon_mvc\\vendor\\laravel\\framework\\src\\Illuminate\\Support\\helpers.php(399): Illuminate\\Session\\Middleware\\StartSession->Illuminate\\Session\\Middleware\\{closure}(Object(Illuminate\\Session\\Store))
#14 C:\\Users\\gubez\\OneDrive\\Área de Trabalho\\SPOPWEB_Pokemon_form_Lavaravel\\pokemon_mvc\\vendor\\laravel\\framework\\src\\Illuminate\\Session\\Middleware\\StartSession.php(144): tap(Object(Illuminate\\Session\\Store), Object(Closure))
#15 C:\\Users\\gubez\\OneDrive\\Área de Trabalho\\SPOPWEB_Pokemon_form_Lavaravel\\pokemon_mvc\\vendor\\laravel\\framework\\src\\Illuminate\\Session\\Middleware\\StartSession.php(116): Illuminate\\Session\\Middleware\\StartSession->startSession(Object(Illuminate\\Http\\Request), Object(Illuminate\\Session\\Store))
#16 C:\\Users\\gubez\\OneDrive\\Área de Trabalho\\SPOPWEB_Pokemon_form_Lavaravel\\pokemon_mvc\\vendor\\laravel\\framework\\src\\Illuminate\\Session\\Middleware\\StartSession.php(64): Illuminate\\Session\\Middleware\\StartSession->handleStatefulRequest(Object(Illuminate\\Http\\Request), Object(Illuminate\\Session\\Store), Object(Closure))
#17 C:\\Users\\gubez\\OneDrive\\Área de Trabalho\\SPOPWEB_Pokemon_form_Lavaravel\\pokemon_mvc\\vendor\\laravel\\framework\\src\\Illuminate\\Pipeline\\Pipeline.php(209): Illuminate\\Session\\Middleware\\StartSession->handle(Object(Illuminate\\Http\\Request), Object(Closure))
#18 C:\\Users\\gubez\\OneDrive\\Área de Trabalho\\SPOPWEB_Pokemon_form_Lavaravel\\pokemon_mvc\\vendor\\laravel\\framework\\src\\Illuminate\\Cookie\\Middleware\\AddQueuedCookiesToResponse.php(37): Illuminate\\Pipeline\\Pipeline->Illuminate\\Pipeline\\{closure}(Object(Illuminate\\Http\\Request))
#19 C:\\Users\\gubez\\OneDrive\\Área de Trabalho\\SPOPWEB_Pokemon_form_Lavaravel\\pokemon_mvc\\vendor\\laravel\\framework\\src\\Illuminate\\Pipeline\\Pipeline.php(209): Illuminate\\Cookie\\Middleware\\AddQueuedCookiesToResponse->handle(Object(Illuminate\\Http\\Request), Object(Closure))
#20 C:\\Users\\gubez\\OneDrive\\Área de Trabalho\\SPOPWEB_Pokemon_form_Lavaravel\\pokemon_mvc\\vendor\\laravel\\framework\\src\\Illuminate\\Cookie\\Middleware\\EncryptCookies.php(75): Illuminate\\Pipeline\\Pipeline->Illuminate\\Pipeline\\{closure}(Object(Illuminate\\Http\\Request))
#21 C:\\Users\\gubez\\OneDrive\\Área de Trabalho\\SPOPWEB_Pokemon_form_Lavaravel\\pokemon_mvc\\vendor\\laravel\\framework\\src\\Illuminate\\Pipeline\\Pipeline.php(209): Illuminate\\Cookie\\Middleware\\EncryptCookies->handle(Object(Illuminate\\Http\\Request), Object(Closure))
#22 C:\\Users\\gubez\\OneDrive\\Área de Trabalho\\SPOPWEB_Pokemon_form_Lavaravel\\pokemon_mvc\\vendor\\laravel\\framework\\src\\Illuminate\\Pipeline\\Pipeline.php(127): Illuminate\\Pipeline\\Pipeline->Illuminate\\Pipeline\\{closure}(Object(Illuminate\\Http\\Request))
#23 C:\\Users\\gubez\\OneDrive\\Área de Trabalho\\SPOPWEB_Pokemon_form_Lavaravel\\pokemon_mvc\\vendor\\laravel\\framework\\src\\Illuminate\\Routing\\Router.php(807): Illuminate\\Pipeline\\Pipeline->then(Object(Closure))
#24 C:\\Users\\gubez\\OneDrive\\Área de Trabalho\\SPOPWEB_Pokemon_form_Lavaravel\\pokemon_mvc\\vendor\\laravel\\framework\\src\\Illuminate\\Routing\\Router.php(786): Illuminate\\Routing\\Router->runRouteWithinStack(Object(Illuminate\\Routing\\Route), Object(Illuminate\\Http\\Request))
#25 C:\\Users\\gubez\\OneDrive\\Área de Trabalho\\SPOPWEB_Pokemon_form_Lavaravel\\pokemon_mvc\\vendor\\laravel\\framework\\src\\Illuminate\\Routing\\Router.php(750): Illuminate\\Routing\\Router->runRoute(Object(Illuminate\\Http\\Request), Object(Illuminate\\Routing\\Route))
#26 C:\\Users\\gubez\\OneDrive\\Área de Trabalho\\SPOPWEB_Pokemon_form_Lavaravel\\pokemon_mvc\\vendor\\laravel\\framework\\src\\Illuminate\\Routing\\Router.php(739): Illuminate\\Routing\\Router->dispatchToRoute(Object(Illuminate\\Http\\Request))
#27 C:\\Users\\gubez\\OneDrive\\Área de Trabalho\\SPOPWEB_Pokemon_form_Lavaravel\\pokemon_mvc\\vendor\\laravel\\framework\\src\\Illuminate\\Foundation\\Http\\Kernel.php(201): Illuminate\\Routing\\Router->dispatch(Object(Illuminate\\Http\\Request))
#28 C:\\Users\\gubez\\OneDrive\\Área de Trabalho\\SPOPWEB_Pokemon_form_Lavaravel\\pokemon_mvc\\vendor\\laravel\\framework\\src\\Illuminate\\Pipeline\\Pipeline.php(170): Illuminate\\Foundation\\Http\\Kernel->Illuminate\\Foundation\\Http\\{closure}(Object(Illuminate\\Http\\Request))
#29 C:\\Users\\gubez\\OneDrive\\Área de Trabalho\\SPOPWEB_Pokemon_form_Lavaravel\\pokemon_mvc\\vendor\\laravel\\framework\\src\\Illuminate\\Foundation\\Http\\Middleware\\TransformsRequest.php(21): Illuminate\\Pipeline\\Pipeline->Illuminate\\Pipeline\\{closure}(Object(Illuminate\\Http\\Request))
#30 C:\\Users\\gubez\\OneDrive\\Área de Trabalho\\SPOPWEB_Pokemon_form_Lavaravel\\pokemon_mvc\\vendor\\laravel\\framework\\src\\Illuminate\\Foundation\\Http\\Middleware\\ConvertEmptyStringsToNull.php(31): Illuminate\\Foundation\\Http\\Middleware\\TransformsRequest->handle(Object(Illuminate\\Http\\Request), Object(Closure))
#31 C:\\Users\\gubez\\OneDrive\\Área de Trabalho\\SPOPWEB_Pokemon_form_Lavaravel\\pokemon_mvc\\vendor\\laravel\\framework\\src\\Illuminate\\Pipeline\\Pipeline.php(209): Illuminate\\Foundation\\Http\\Middleware\\ConvertEmptyStringsToNull->handle(Object(Illuminate\\Http\\Request), Object(Closure))
#32 C:\\Users\\gubez\\OneDrive\\Área de Trabalho\\SPOPWEB_Pokemon_form_Lavaravel\\pokemon_mvc\\vendor\\laravel\\framework\\src\\Illuminate\\Foundation\\Http\\Middleware\\TransformsRequest.php(21): Illuminate\\Pipeline\\Pipeline->Illuminate\\Pipeline\\{closure}(Object(Illuminate\\Http\\Request))
#33 C:\\Users\\gubez\\OneDrive\\Área de Trabalho\\SPOPWEB_Pokemon_form_Lavaravel\\pokemon_mvc\\vendor\\laravel\\framework\\src\\Illuminate\\Foundation\\Http\\Middleware\\TrimStrings.php(51): Illuminate\\Foundation\\Http\\Middleware\\TransformsRequest->handle(Object(Illuminate\\Http\\Request), Object(Closure))
#34 C:\\Users\\gubez\\OneDrive\\Área de Trabalho\\SPOPWEB_Pokemon_form_Lavaravel\\pokemon_mvc\\vendor\\laravel\\framework\\src\\Illuminate\\Pipeline\\Pipeline.php(209): Illuminate\\Foundation\\Http\\Middleware\\TrimStrings->handle(Object(Illuminate\\Http\\Request), Object(Closure))
#35 C:\\Users\\gubez\\OneDrive\\Área de Trabalho\\SPOPWEB_Pokemon_form_Lavaravel\\pokemon_mvc\\vendor\\laravel\\framework\\src\\Illuminate\\Http\\Middleware\\ValidatePostSize.php(27): Illuminate\\Pipeline\\Pipeline->Illuminate\\Pipeline\\{closure}(Object(Illuminate\\Http\\Request))
#36 C:\\Users\\gubez\\OneDrive\\Área de Trabalho\\SPOPWEB_Pokemon_form_Lavaravel\\pokemon_mvc\\vendor\\laravel\\framework\\src\\Illuminate\\Pipeline\\Pipeline.php(209): Illuminate\\Http\\Middleware\\ValidatePostSize->handle(Object(Illuminate\\Http\\Request), Object(Closure))
#37 C:\\Users\\gubez\\OneDrive\\Área de Trabalho\\SPOPWEB_Pokemon_form_Lavaravel\\pokemon_mvc\\vendor\\laravel\\framework\\src\\Illuminate\\Foundation\\Http\\Middleware\\PreventRequestsDuringMaintenance.php(110): Illuminate\\Pipeline\\Pipeline->Illuminate\\Pipeline\\{closure}(Object(Illuminate\\Http\\Request))
#38 C:\\Users\\gubez\\OneDrive\\Área de Trabalho\\SPOPWEB_Pokemon_form_Lavaravel\\pokemon_mvc\\vendor\\laravel\\framework\\src\\Illuminate\\Pipeline\\Pipeline.php(209): Illuminate\\Foundation\\Http\\Middleware\\PreventRequestsDuringMaintenance->handle(Object(Illuminate\\Http\\Request), Object(Closure))
#39 C:\\Users\\gubez\\OneDrive\\Área de Trabalho\\SPOPWEB_Pokemon_form_Lavaravel\\pokemon_mvc\\vendor\\laravel\\framework\\src\\Illuminate\\Http\\Middleware\\HandleCors.php(49): Illuminate\\Pipeline\\Pipeline->Illuminate\\Pipeline\\{closure}(Object(Illuminate\\Http\\Request))
#40 C:\\Users\\gubez\\OneDrive\\Área de Trabalho\\SPOPWEB_Pokemon_form_Lavaravel\\pokemon_mvc\\vendor\\laravel\\framework\\src\\Illuminate\\Pipeline\\Pipeline.php(209): Illuminate\\Http\\Middleware\\HandleCors->handle(Object(Illuminate\\Http\\Request), Object(Closure))
#41 C:\\Users\\gubez\\OneDrive\\Área de Trabalho\\SPOPWEB_Pokemon_form_Lavaravel\\pokemon_mvc\\vendor\\laravel\\framework\\src\\Illuminate\\Http\\Middleware\\TrustProxies.php(58): Illuminate\\Pipeline\\Pipeline->Illuminate\\Pipeline\\{closure}(Object(Illuminate\\Http\\Request))
#42 C:\\Users\\gubez\\OneDrive\\Área de Trabalho\\SPOPWEB_Pokemon_form_Lavaravel\\pokemon_mvc\\vendor\\laravel\\framework\\src\\Illuminate\\Pipeline\\Pipeline.php(209): Illuminate\\Http\\Middleware\\TrustProxies->handle(Object(Illuminate\\Http\\Request), Object(Closure))
#43 C:\\Users\\gubez\\OneDrive\\Área de Trabalho\\SPOPWEB_Pokemon_form_Lavaravel\\pokemon_mvc\\vendor\\laravel\\framework\\src\\Illuminate\\Foundation\\Http\\Middleware\\InvokeDeferredCallbacks.php(22): Illuminate\\Pipeline\\Pipeline->Illuminate\\Pipeline\\{closure}(Object(Illuminate\\Http\\Request))
#44 C:\\Users\\gubez\\OneDrive\\Área de Trabalho\\SPOPWEB_Pokemon_form_Lavaravel\\pokemon_mvc\\vendor\\laravel\\framework\\src\\Illuminate\\Pipeline\\Pipeline.php(209): Illuminate\\Foundation\\Http\\Middleware\\InvokeDeferredCallbacks->handle(Object(Illuminate\\Http\\Request), Object(Closure))
#45 C:\\Users\\gubez\\OneDrive\\Área de Trabalho\\SPOPWEB_Pokemon_form_Lavaravel\\pokemon_mvc\\vendor\\laravel\\framework\\src\\Illuminate\\Pipeline\\Pipeline.php(127): Illuminate\\Pipeline\\Pipeline->Illuminate\\Pipeline\\{closure}(Object(Illuminate\\Http\\Request))
#46 C:\\Users\\gubez\\OneDrive\\Área de Trabalho\\SPOPWEB_Pokemon_form_Lavaravel\\pokemon_mvc\\vendor\\laravel\\framework\\src\\Illuminate\\Foundation\\Http\\Kernel.php(176): Illuminate\\Pipeline\\Pipeline->then(Object(Closure))
#47 C:\\Users\\gubez\\OneDrive\\Área de Trabalho\\SPOPWEB_Pokemon_form_Lavaravel\\pokemon_mvc\\vendor\\laravel\\framework\\src\\Illuminate\\Foundation\\Http\\Kernel.php(145): Illuminate\\Foundation\\Http\\Kernel->sendRequestThroughRouter(Object(Illuminate\\Http\\Request))
#48 C:\\Users\\gubez\\OneDrive\\Área de Trabalho\\SPOPWEB_Pokemon_form_Lavaravel\\pokemon_mvc\\vendor\\laravel\\framework\\src\\Illuminate\\Foundation\\Application.php(1220): Illuminate\\Foundation\\Http\\Kernel->handle(Object(Illuminate\\Http\\Request))
#49 C:\\Users\\gubez\\OneDrive\\Área de Trabalho\\SPOPWEB_Pokemon_form_Lavaravel\\pokemon_mvc\\public\\index.php(17): Illuminate\\Foundation\\Application->handleRequest(Object(Illuminate\\Http\\Request))
#50 C:\\Users\\gubez\\OneDrive\\Área de Trabalho\\SPOPWEB_Pokemon_form_Lavaravel\\pokemon_mvc\\vendor\\laravel\\framework\\src\\Illuminate\\Foundation\\resources\\server.php(23): require_once('C:\\\\Users\\\\gubez\\\\...')
#51 {main}

[previous exception] [object] (Illuminate\\Database\\SQLiteDatabaseDoesNotExistException(code: 0): Database file at path [C:\\Users\\gubez\\OneDrive\\Área de Trabalho\\SPOPWEB_Pokemon_form_Lavaravel\\pokemon_mvc\\database\\database.sqlite] does not exist. Ensure this is an absolute path to the database. at C:\\Users\\gubez\\OneDrive\\Área de Trabalho\\SPOPWEB_Pokemon_form_Lavaravel\\pokemon_mvc\\vendor\\laravel\\framework\\src\\Illuminate\\Database\\Connectors\\SQLiteConnector.php:37)
[stacktrace]
#0 C:\\Users\\gubez\\OneDrive\\Área de Trabalho\\SPOPWEB_Pokemon_form_Lavaravel\\pokemon_mvc\\vendor\\laravel\\framework\\src\\Illuminate\\Database\\Connectors\\ConnectionFactory.php(224): Illuminate\\Database\\Connectors\\SQLiteConnector->connect(Array)
#1 [internal function]: Illuminate\\Database\\Connectors\\ConnectionFactory->Illuminate\\Database\\Connectors\\{closure}()
#2 C:\\Users\\gubez\\OneDrive\\Área de Trabalho\\SPOPWEB_Pokemon_form_Lavaravel\\pokemon_mvc\\vendor\\laravel\\framework\\src\\Illuminate\\Database\\Connection.php(1231): call_user_func(Object(Closure))
#3 C:\\Users\\gubez\\OneDrive\\Área de Trabalho\\SPOPWEB_Pokemon_form_Lavaravel\\pokemon_mvc\\vendor\\laravel\\framework\\src\\Illuminate\\Database\\Connection.php(512): Illuminate\\Database\\Connection->getPdo()
#4 C:\\Users\\gubez\\OneDrive\\Área de Trabalho\\SPOPWEB_Pokemon_form_Lavaravel\\pokemon_mvc\\vendor\\laravel\\framework\\src\\Illuminate\\Database\\Connection.php(407): Illuminate\\Database\\Connection->getPdoForSelect(false)
#5 C:\\Users\\gubez\\OneDrive\\Área de Trabalho\\SPOPWEB_Pokemon_form_Lavaravel\\pokemon_mvc\\vendor\\laravel\\framework\\src\\Illuminate\\Database\\Connection.php(812): Illuminate\\Database\\Connection->Illuminate\\Database\\{closure}('select * from \"...', Array)
#6 C:\\Users\\gubez\\OneDrive\\Área de Trabalho\\SPOPWEB_Pokemon_form_Lavaravel\\pokemon_mvc\\vendor\\laravel\\framework\\src\\Illuminate\\Database\\Connection.php(779): Illuminate\\Database\\Connection->runQueryCallback('select * from \"...', Array, Object(Closure))
#7 C:\\Users\\gubez\\OneDrive\\Área de Trabalho\\SPOPWEB_Pokemon_form_Lavaravel\\pokemon_mvc\\vendor\\laravel\\framework\\src\\Illuminate\\Database\\Connection.php(398): Illuminate\\Database\\Connection->run('select * from \"...', Array, Object(Closure))
#8 C:\\Users\\gubez\\OneDrive\\Área de Trabalho\\SPOPWEB_Pokemon_form_Lavaravel\\pokemon_mvc\\vendor\\laravel\\framework\\src\\Illuminate\\Database\\Query\\Builder.php(3106): Illuminate\\Database\\Connection->select('select * from \"...', Array, false)
#9 C:\\Users\\gubez\\OneDrive\\Área de Trabalho\\SPOPWEB_Pokemon_form_Lavaravel\\pokemon_mvc\\vendor\\laravel\\framework\\src\\Illuminate\\Database\\Query\\Builder.php(3091): Illuminate\\Database\\Query\\Builder->runSelect()
#10 C:\\Users\\gubez\\OneDrive\\Área de Trabalho\\SPOPWEB_Pokemon_form_Lavaravel\\pokemon_mvc\\vendor\\laravel\\framework\\src\\Illuminate\\Database\\Query\\Builder.php(3676): Illuminate\\Database\\Query\\Builder->Illuminate\\Database\\Query\\{closure}()
#11 C:\\Users\\gubez\\OneDrive\\Área de Trabalho\\SPOPWEB_Pokemon_form_Lavaravel\\pokemon_mvc\\vendor\\laravel\\framework\\src\\Illuminate\\Database\\Query\\Builder.php(3090): Illuminate\\Database\\Query\\Builder->onceWithColumns(Array, Object(Closure))
#12 C:\\Users\\gubez\\OneDrive\\Área de Trabalho\\SPOPWEB_Pokemon_form_Lavaravel\\pokemon_mvc\\vendor\\laravel\\framework\\src\\Illuminate\\Database\\Concerns\\BuildsQueries.php(343): Illuminate\\Database\\Query\\Builder->get(Array)
#13 C:\\Users\\gubez\\OneDrive\\Área de Trabalho\\SPOPWEB_Pokemon_form_Lavaravel\\pokemon_mvc\\vendor\\laravel\\framework\\src\\Illuminate\\Database\\Query\\Builder.php(3013): Illuminate\\Database\\Query\\Builder->first(Array)
#14 C:\\Users\\gubez\\OneDrive\\Área de Trabalho\\SPOPWEB_Pokemon_form_Lavaravel\\pokemon_mvc\\vendor\\laravel\\framework\\src\\Illuminate\\Session\\DatabaseSessionHandler.php(97): Illuminate\\Database\\Query\\Builder->find('jsGqM32CiJDmjOK...')
#15 C:\\Users\\gubez\\OneDrive\\Área de Trabalho\\SPOPWEB_Pokemon_form_Lavaravel\\pokemon_mvc\\vendor\\laravel\\framework\\src\\Illuminate\\Session\\Store.php(117): Illuminate\\Session\\DatabaseSessionHandler->read('jsGqM32CiJDmjOK...')
#16 C:\\Users\\gubez\\OneDrive\\Área de Trabalho\\SPOPWEB_Pokemon_form_Lavaravel\\pokemon_mvc\\vendor\\laravel\\framework\\src\\Illuminate\\Session\\Store.php(105): Illuminate\\Session\\Store->readFromHandler()
#17 C:\\Users\\gubez\\OneDrive\\Área de Trabalho\\SPOPWEB_Pokemon_form_Lavaravel\\pokemon_mvc\\vendor\\laravel\\framework\\src\\Illuminate\\Session\\Store.php(89): Illuminate\\Session\\Store->loadSession()
#18 C:\\Users\\gubez\\OneDrive\\Área de Trabalho\\SPOPWEB_Pokemon_form_Lavaravel\\pokemon_mvc\\vendor\\laravel\\framework\\src\\Illuminate\\Session\\Middleware\\StartSession.php(147): Illuminate\\Session\\Store->start()
#19 C:\\Users\\gubez\\OneDrive\\Área de Trabalho\\SPOPWEB_Pokemon_form_Lavaravel\\pokemon_mvc\\vendor\\laravel\\framework\\src\\Illuminate\\Support\\helpers.php(399): Illuminate\\Session\\Middleware\\StartSession->Illuminate\\Session\\Middleware\\{closure}(Object(Illuminate\\Session\\Store))
#20 C:\\Users\\gubez\\OneDrive\\Área de Trabalho\\SPOPWEB_Pokemon_form_Lavaravel\\pokemon_mvc\\vendor\\laravel\\framework\\src\\Illuminate\\Session\\Middleware\\StartSession.php(144): tap(Object(Illuminate\\Session\\Store), Object(Closure))
#21 C:\\Users\\gubez\\OneDrive\\Área de Trabalho\\SPOPWEB_Pokemon_form_Lavaravel\\pokemon_mvc\\vendor\\laravel\\framework\\src\\Illuminate\\Session\\Middleware\\StartSession.php(116): Illuminate\\Session\\Middleware\\StartSession->startSession(Object(Illuminate\\Http\\Request), Object(Illuminate\\Session\\Store))
#22 C:\\Users\\gubez\\OneDrive\\Área de Trabalho\\SPOPWEB_Pokemon_form_Lavaravel\\pokemon_mvc\\vendor\\laravel\\framework\\src\\Illuminate\\Session\\Middleware\\StartSession.php(64): Illuminate\\Session\\Middleware\\StartSession->handleStatefulRequest(Object(Illuminate\\Http\\Request), Object(Illuminate\\Session\\Store), Object(Closure))
#23 C:\\Users\\gubez\\OneDrive\\Área de Trabalho\\SPOPWEB_Pokemon_form_Lavaravel\\pokemon_mvc\\vendor\\laravel\\framework\\src\\Illuminate\\Pipeline\\Pipeline.php(209): Illuminate\\Session\\Middleware\\StartSession->handle(Object(Illuminate\\Http\\Request), Object(Closure))
#24 C:\\Users\\gubez\\OneDrive\\Área de Trabalho\\SPOPWEB_Pokemon_form_Lavaravel\\pokemon_mvc\\vendor\\laravel\\framework\\src\\Illuminate\\Cookie\\Middleware\\AddQueuedCookiesToResponse.php(37): Illuminate\\Pipeline\\Pipeline->Illuminate\\Pipeline\\{closure}(Object(Illuminate\\Http\\Request))
#25 C:\\Users\\gubez\\OneDrive\\Área de Trabalho\\SPOPWEB_Pokemon_form_Lavaravel\\pokemon_mvc\\vendor\\laravel\\framework\\src\\Illuminate\\Pipeline\\Pipeline.php(209): Illuminate\\Cookie\\Middleware\\AddQueuedCookiesToResponse->handle(Object(Illuminate\\Http\\Request), Object(Closure))
#26 C:\\Users\\gubez\\OneDrive\\Área de Trabalho\\SPOPWEB_Pokemon_form_Lavaravel\\pokemon_mvc\\vendor\\laravel\\framework\\src\\Illuminate\\Cookie\\Middleware\\EncryptCookies.php(75): Illuminate\\Pipeline\\Pipeline->Illuminate\\Pipeline\\{closure}(Object(Illuminate\\Http\\Request))
#27 C:\\Users\\gubez\\OneDrive\\Área de Trabalho\\SPOPWEB_Pokemon_form_Lavaravel\\pokemon_mvc\\vendor\\laravel\\framework\\src\\Illuminate\\Pipeline\\Pipeline.php(209): Illuminate\\Cookie\\Middleware\\EncryptCookies->handle(Object(Illuminate\\Http\\Request), Object(Closure))
#28 C:\\Users\\gubez\\OneDrive\\Área de Trabalho\\SPOPWEB_Pokemon_form_Lavaravel\\pokemon_mvc\\vendor\\laravel\\framework\\src\\Illuminate\\Pipeline\\Pipeline.php(127): Illuminate\\Pipeline\\Pipeline->Illuminate\\Pipeline\\{closure}(Object(Illuminate\\Http\\Request))
#29 C:\\Users\\gubez\\OneDrive\\Área de Trabalho\\SPOPWEB_Pokemon_form_Lavaravel\\pokemon_mvc\\vendor\\laravel\\framework\\src\\Illuminate\\Routing\\Router.php(807): Illuminate\\Pipeline\\Pipeline->then(Object(Closure))
#30 C:\\Users\\gubez\\OneDrive\\Área de Trabalho\\SPOPWEB_Pokemon_form_Lavaravel\\pokemon_mvc\\vendor\\laravel\\framework\\src\\Illuminate\\Routing\\Router.php(786): Illuminate\\Routing\\Router->runRouteWithinStack(Object(Illuminate\\Routing\\Route), Object(Illuminate\\Http\\Request))
#31 C:\\Users\\gubez\\OneDrive\\Área de Trabalho\\SPOPWEB_Pokemon_form_Lavaravel\\pokemon_mvc\\vendor\\laravel\\framework\\src\\Illuminate\\Routing\\Router.php(750): Illuminate\\Routing\\Router->runRoute(Object(Illuminate\\Http\\Request), Object(Illuminate\\Routing\\Route))
#32 C:\\Users\\gubez\\OneDrive\\Área de Trabalho\\SPOPWEB_Pokemon_form_Lavaravel\\pokemon_mvc\\vendor\\laravel\\framework\\src\\Illuminate\\Routing\\Router.php(739): Illuminate\\Routing\\Router->dispatchToRoute(Object(Illuminate\\Http\\Request))
#33 C:\\Users\\gubez\\OneDrive\\Área de Trabalho\\SPOPWEB_Pokemon_form_Lavaravel\\pokemon_mvc\\vendor\\laravel\\framework\\src\\Illuminate\\Foundation\\Http\\Kernel.php(201): Illuminate\\Routing\\Router->dispatch(Object(Illuminate\\Http\\Request))
#34 C:\\Users\\gubez\\OneDrive\\Área de Trabalho\\SPOPWEB_Pokemon_form_Lavaravel\\pokemon_mvc\\vendor\\laravel\\framework\\src\\Illuminate\\Pipeline\\Pipeline.php(170): Illuminate\\Foundation\\Http\\Kernel->Illuminate\\Foundation\\Http\\{closure}(Object(Illuminate\\Http\\Request))
#35 C:\\Users\\gubez\\OneDrive\\Área de Trabalho\\SPOPWEB_Pokemon_form_Lavaravel\\pokemon_mvc\\vendor\\laravel\\framework\\src\\Illuminate\\Foundation\\Http\\Middleware\\TransformsRequest.php(21): Illuminate\\Pipeline\\Pipeline->Illuminate\\Pipeline\\{closure}(Object(Illuminate\\Http\\Request))
#36 C:\\Users\\gubez\\OneDrive\\Área de Trabalho\\SPOPWEB_Pokemon_form_Lavaravel\\pokemon_mvc\\vendor\\laravel\\framework\\src\\Illuminate\\Foundation\\Http\\Middleware\\ConvertEmptyStringsToNull.php(31): Illuminate\\Foundation\\Http\\Middleware\\TransformsRequest->handle(Object(Illuminate\\Http\\Request), Object(Closure))
#37 C:\\Users\\gubez\\OneDrive\\Área de Trabalho\\SPOPWEB_Pokemon_form_Lavaravel\\pokemon_mvc\\vendor\\laravel\\framework\\src\\Illuminate\\Pipeline\\Pipeline.php(209): Illuminate\\Foundation\\Http\\Middleware\\ConvertEmptyStringsToNull->handle(Object(Illuminate\\Http\\Request), Object(Closure))
#38 C:\\Users\\gubez\\OneDrive\\Área de Trabalho\\SPOPWEB_Pokemon_form_Lavaravel\\pokemon_mvc\\vendor\\laravel\\framework\\src\\Illuminate\\Foundation\\Http\\Middleware\\TransformsRequest.php(21): Illuminate\\Pipeline\\Pipeline->Illuminate\\Pipeline\\{closure}(Object(Illuminate\\Http\\Request))
#39 C:\\Users\\gubez\\OneDrive\\Área de Trabalho\\SPOPWEB_Pokemon_form_Lavaravel\\pokemon_mvc\\vendor\\laravel\\framework\\src\\Illuminate\\Foundation\\Http\\Middleware\\TrimStrings.php(51): Illuminate\\Foundation\\Http\\Middleware\\TransformsRequest->handle(Object(Illuminate\\Http\\Request), Object(Closure))
#40 C:\\Users\\gubez\\OneDrive\\Área de Trabalho\\SPOPWEB_Pokemon_form_Lavaravel\\pokemon_mvc\\vendor\\laravel\\framework\\src\\Illuminate\\Pipeline\\Pipeline.php(209): Illuminate\\Foundation\\Http\\Middleware\\TrimStrings->handle(Object(Illuminate\\Http\\Request), Object(Closure))
#41 C:\\Users\\gubez\\OneDrive\\Área de Trabalho\\SPOPWEB_Pokemon_form_Lavaravel\\pokemon_mvc\\vendor\\laravel\\framework\\src\\Illuminate\\Http\\Middleware\\ValidatePostSize.php(27): Illuminate\\Pipeline\\Pipeline->Illuminate\\Pipeline\\{closure}(Object(Illuminate\\Http\\Request))
#42 C:\\Users\\gubez\\OneDrive\\Área de Trabalho\\SPOPWEB_Pokemon_form_Lavaravel\\pokemon_mvc\\vendor\\laravel\\framework\\src\\Illuminate\\Pipeline\\Pipeline.php(209): Illuminate\\Http\\Middleware\\ValidatePostSize->handle(Object(Illuminate\\Http\\Request), Object(Closure))
#43 C:\\Users\\gubez\\OneDrive\\Área de Trabalho\\SPOPWEB_Pokemon_form_Lavaravel\\pokemon_mvc\\vendor\\laravel\\framework\\src\\Illuminate\\Foundation\\Http\\Middleware\\PreventRequestsDuringMaintenance.php(110): Illuminate\\Pipeline\\Pipeline->Illuminate\\Pipeline\\{closure}(Object(Illuminate\\Http\\Request))
#44 C:\\Users\\gubez\\OneDrive\\Área de Trabalho\\SPOPWEB_Pokemon_form_Lavaravel\\pokemon_mvc\\vendor\\laravel\\framework\\src\\Illuminate\\Pipeline\\Pipeline.php(209): Illuminate\\Foundation\\Http\\Middleware\\PreventRequestsDuringMaintenance->handle(Object(Illuminate\\Http\\Request), Object(Closure))
#45 C:\\Users\\gubez\\OneDrive\\Área de Trabalho\\SPOPWEB_Pokemon_form_Lavaravel\\pokemon_mvc\\vendor\\laravel\\framework\\src\\Illuminate\\Http\\Middleware\\HandleCors.php(49): Illuminate\\Pipeline\\Pipeline->Illuminate\\Pipeline\\{closure}(Object(Illuminate\\Http\\Request))
#46 C:\\Users\\gubez\\OneDrive\\Área de Trabalho\\SPOPWEB_Pokemon_form_Lavaravel\\pokemon_mvc\\vendor\\laravel\\framework\\src\\Illuminate\\Pipeline\\Pipeline.php(209): Illuminate\\Http\\Middleware\\HandleCors->handle(Object(Illuminate\\Http\\Request), Object(Closure))
#47 C:\\Users\\gubez\\OneDrive\\Área de Trabalho\\SPOPWEB_Pokemon_form_Lavaravel\\pokemon_mvc\\vendor\\laravel\\framework\\src\\Illuminate\\Http\\Middleware\\TrustProxies.php(58): Illuminate\\Pipeline\\Pipeline->Illuminate\\Pipeline\\{closure}(Object(Illuminate\\Http\\Request))
#48 C:\\Users\\gubez\\OneDrive\\Área de Trabalho\\SPOPWEB_Pokemon_form_Lavaravel\\pokemon_mvc\\vendor\\laravel\\framework\\src\\Illuminate\\Pipeline\\Pipeline.php(209): Illuminate\\Http\\Middleware\\TrustProxies->handle(Object(Illuminate\\Http\\Request), Object(Closure))
#49 C:\\Users\\gubez\\OneDrive\\Área de Trabalho\\SPOPWEB_Pokemon_form_Lavaravel\\pokemon_mvc\\vendor\\laravel\\framework\\src\\Illuminate\\Foundation\\Http\\Middleware\\InvokeDeferredCallbacks.php(22): Illuminate\\Pipeline\\Pipeline->Illuminate\\Pipeline\\{closure}(Object(Illuminate\\Http\\Request))
#50 C:\\Users\\gubez\\OneDrive\\Área de Trabalho\\SPOPWEB_Pokemon_form_Lavaravel\\pokemon_mvc\\vendor\\laravel\\framework\\src\\Illuminate\\Pipeline\\Pipeline.php(209): Illuminate\\Foundation\\Http\\Middleware\\InvokeDeferredCallbacks->handle(Object(Illuminate\\Http\\Request), Object(Closure))
#51 C:\\Users\\gubez\\OneDrive\\Área de Trabalho\\SPOPWEB_Pokemon_form_Lavaravel\\pokemon_mvc\\vendor\\laravel\\framework\\src\\Illuminate\\Pipeline\\Pipeline.php(127): Illuminate\\Pipeline\\Pipeline->Illuminate\\Pipeline\\{closure}(Object(Illuminate\\Http\\Request))
#52 C:\\Users\\gubez\\OneDrive\\Área de Trabalho\\SPOPWEB_Pokemon_form_Lavaravel\\pokemon_mvc\\vendor\\laravel\\framework\\src\\Illuminate\\Foundation\\Http\\Kernel.php(176): Illuminate\\Pipeline\\Pipeline->then(Object(Closure))
#53 C:\\Users\\gubez\\OneDrive\\Área de Trabalho\\SPOPWEB_Pokemon_form_Lavaravel\\pokemon_mvc\\vendor\\laravel\\framework\\src\\Illuminate\\Foundation\\Http\\Kernel.php(145): Illuminate\\Foundation\\Http\\Kernel->sendRequestThroughRouter(Object(Illuminate\\Http\\Request))
#54 C:\\Users\\gubez\\OneDrive\\Área de Trabalho\\SPOPWEB_Pokemon_form_Lavaravel\\pokemon_mvc\\vendor\\laravel\\framework\\src\\Illuminate\\Foundation\\Application.php(1220): Illuminate\\Foundation\\Http\\Kernel->handle(Object(Illuminate\\Http\\Request))
#55 C:\\Users\\gubez\\OneDrive\\Área de Trabalho\\SPOPWEB_Pokemon_form_Lavaravel\\pokemon_mvc\\public\\index.php(17): Illuminate\\Foundation\\Application->handleRequest(Object(Illuminate\\Http\\Request))
#56 C:\\Users\\gubez\\OneDrive\\Área de Trabalho\\SPOPWEB_Pokemon_form_Lavaravel\\pokemon_mvc\\vendor\\laravel\\framework\\src\\Illuminate\\Foundation\\resources\\server.php(23): require_once('C:\\\\Users\\\\gubez\\\\...')
#57 {main}
"} 
[2025-11-21 15:49:19] local.ERROR: Database file at path [laravel] does not exist. Ensure this is an absolute path to the database. (Connection: sqlite, SQL: select * from "sessions" where "id" = y4IcpG1gNyhhXmWlS1ZcVUWymdPU8ek95dOvwNP6 limit 1) {"exception":"[object] (Illuminate\\Database\\QueryException(code: 0): Database file at path [laravel] does not exist. Ensure this is an absolute path to the database. (Connection: sqlite, SQL: select * from \"sessions\" where \"id\" = y4IcpG1gNyhhXmWlS1ZcVUWymdPU8ek95dOvwNP6 limit 1) at C:\\Users\\gubez\\OneDrive\\Área de Trabalho\\SPOPWEB_Pokemon_form_Lavaravel\\pokemon_mvc\\vendor\\laravel\\framework\\src\\Illuminate\\Database\\Connection.php:825)
[stacktrace]
#0 C:\\Users\\gubez\\OneDrive\\Área de Trabalho\\SPOPWEB_Pokemon_form_Lavaravel\\pokemon_mvc\\vendor\\laravel\\framework\\src\\Illuminate\\Database\\Connection.php(779): Illuminate\\Database\\Connection->runQueryCallback('select * from \"...', Array, Object(Closure))
#1 C:\\Users\\gubez\\OneDrive\\Área de Trabalho\\SPOPWEB_Pokemon_form_Lavaravel\\pokemon_mvc\\vendor\\laravel\\framework\\src\\Illuminate\\Database\\Connection.php(398): Illuminate\\Database\\Connection->run('select * from \"...', Array, Object(Closure))
#2 C:\\Users\\gubez\\OneDrive\\Área de Trabalho\\SPOPWEB_Pokemon_form_Lavaravel\\pokemon_mvc\\vendor\\laravel\\framework\\src\\Illuminate\\Database\\Query\\Builder.php(3106): Illuminate\\Database\\Connection->select('select * from \"...', Array, false)
#3 C:\\Users\\gubez\\OneDrive\\Área de Trabalho\\SPOPWEB_Pokemon_form_Lavaravel\\pokemon_mvc\\vendor\\laravel\\framework\\src\\Illuminate\\Database\\Query\\Builder.php(3091): Illuminate\\Database\\Query\\Builder->runSelect()
#4 C:\\Users\\gubez\\OneDrive\\Área de Trabalho\\SPOPWEB_Pokemon_form_Lavaravel\\pokemon_mvc\\vendor\\laravel\\framework\\src\\Illuminate\\Database\\Query\\Builder.php(3676): Illuminate\\Database\\Query\\Builder->Illuminate\\Database\\Query\\{closure}()
#5 C:\\Users\\gubez\\OneDrive\\Área de Trabalho\\SPOPWEB_Pokemon_form_Lavaravel\\pokemon_mvc\\vendor\\laravel\\framework\\src\\Illuminate\\Database\\Query\\Builder.php(3090): Illuminate\\Database\\Query\\Builder->onceWithColumns(Array, Object(Closure))
#6 C:\\Users\\gubez\\OneDrive\\Área de Trabalho\\SPOPWEB_Pokemon_form_Lavaravel\\pokemon_mvc\\vendor\\laravel\\framework\\src\\Illuminate\\Database\\Concerns\\BuildsQueries.php(343): Illuminate\\Database\\Query\\Builder->get(Array)
#7 C:\\Users\\gubez\\OneDrive\\Área de Trabalho\\SPOPWEB_Pokemon_form_Lavaravel\\pokemon_mvc\\vendor\\laravel\\framework\\src\\Illuminate\\Database\\Query\\Builder.php(3013): Illuminate\\Database\\Query\\Builder->first(Array)
#8 C:\\Users\\gubez\\OneDrive\\Área de Trabalho\\SPOPWEB_Pokemon_form_Lavaravel\\pokemon_mvc\\vendor\\laravel\\framework\\src\\Illuminate\\Session\\DatabaseSessionHandler.php(97): Illuminate\\Database\\Query\\Builder->find('y4IcpG1gNyhhXmW...')
#9 C:\\Users\\gubez\\OneDrive\\Área de Trabalho\\SPOPWEB_Pokemon_form_Lavaravel\\pokemon_mvc\\vendor\\laravel\\framework\\src\\Illuminate\\Session\\Store.php(117): Illuminate\\Session\\DatabaseSessionHandler->read('y4IcpG1gNyhhXmW...')
#10 C:\\Users\\gubez\\OneDrive\\Área de Trabalho\\SPOPWEB_Pokemon_form_Lavaravel\\pokemon_mvc\\vendor\\laravel\\framework\\src\\Illuminate\\Session\\Store.php(105): Illuminate\\Session\\Store->readFromHandler()
#11 C:\\Users\\gubez\\OneDrive\\Área de Trabalho\\SPOPWEB_Pokemon_form_Lavaravel\\pokemon_mvc\\vendor\\laravel\\framework\\src\\Illuminate\\Session\\Store.php(89): Illuminate\\Session\\Store->loadSession()
#12 C:\\Users\\gubez\\OneDrive\\Área de Trabalho\\SPOPWEB_Pokemon_form_Lavaravel\\pokemon_mvc\\vendor\\laravel\\framework\\src\\Illuminate\\Session\\Middleware\\StartSession.php(147): Illuminate\\Session\\Store->start()
#13 C:\\Users\\gubez\\OneDrive\\Área de Trabalho\\SPOPWEB_Pokemon_form_Lavaravel\\pokemon_mvc\\vendor\\laravel\\framework\\src\\Illuminate\\Support\\helpers.php(399): Illuminate\\Session\\Middleware\\StartSession->Illuminate\\Session\\Middleware\\{closure}(Object(Illuminate\\Session\\Store))
#14 C:\\Users\\gubez\\OneDrive\\Área de Trabalho\\SPOPWEB_Pokemon_form_Lavaravel\\pokemon_mvc\\vendor\\laravel\\framework\\src\\Illuminate\\Session\\Middleware\\StartSession.php(144): tap(Object(Illuminate\\Session\\Store), Object(Closure))
#15 C:\\Users\\gubez\\OneDrive\\Área de Trabalho\\SPOPWEB_Pokemon_form_Lavaravel\\pokemon_mvc\\vendor\\laravel\\framework\\src\\Illuminate\\Session\\Middleware\\StartSession.php(116): Illuminate\\Session\\Middleware\\StartSession->startSession(Object(Illuminate\\Http\\Request), Object(Illuminate\\Session\\Store))
#16 C:\\Users\\gubez\\OneDrive\\Área de Trabalho\\SPOPWEB_Pokemon_form_Lavaravel\\pokemon_mvc\\vendor\\laravel\\framework\\src\\Illuminate\\Session\\Middleware\\StartSession.php(64): Illuminate\\Session\\Middleware\\StartSession->handleStatefulRequest(Object(Illuminate\\Http\\Request), Object(Illuminate\\Session\\Store), Object(Closure))
#17 C:\\Users\\gubez\\OneDrive\\Área de Trabalho\\SPOPWEB_Pokemon_form_Lavaravel\\pokemon_mvc\\vendor\\laravel\\framework\\src\\Illuminate\\Pipeline\\Pipeline.php(209): Illuminate\\Session\\Middleware\\StartSession->handle(Object(Illuminate\\Http\\Request), Object(Closure))
#18 C:\\Users\\gubez\\OneDrive\\Área de Trabalho\\SPOPWEB_Pokemon_form_Lavaravel\\pokemon_mvc\\vendor\\laravel\\framework\\src\\Illuminate\\Cookie\\Middleware\\AddQueuedCookiesToResponse.php(37): Illuminate\\Pipeline\\Pipeline->Illuminate\\Pipeline\\{closure}(Object(Illuminate\\Http\\Request))
#19 C:\\Users\\gubez\\OneDrive\\Área de Trabalho\\SPOPWEB_Pokemon_form_Lavaravel\\pokemon_mvc\\vendor\\laravel\\framework\\src\\Illuminate\\Pipeline\\Pipeline.php(209): Illuminate\\Cookie\\Middleware\\AddQueuedCookiesToResponse->handle(Object(Illuminate\\Http\\Request), Object(Closure))
#20 C:\\Users\\gubez\\OneDrive\\Área de Trabalho\\SPOPWEB_Pokemon_form_Lavaravel\\pokemon_mvc\\vendor\\laravel\\framework\\src\\Illuminate\\Cookie\\Middleware\\EncryptCookies.php(75): Illuminate\\Pipeline\\Pipeline->Illuminate\\Pipeline\\{closure}(Object(Illuminate\\Http\\Request))
#21 C:\\Users\\gubez\\OneDrive\\Área de Trabalho\\SPOPWEB_Pokemon_form_Lavaravel\\pokemon_mvc\\vendor\\laravel\\framework\\src\\Illuminate\\Pipeline\\Pipeline.php(209): Illuminate\\Cookie\\Middleware\\EncryptCookies->handle(Object(Illuminate\\Http\\Request), Object(Closure))
#22 C:\\Users\\gubez\\OneDrive\\Área de Trabalho\\SPOPWEB_Pokemon_form_Lavaravel\\pokemon_mvc\\vendor\\laravel\\framework\\src\\Illuminate\\Pipeline\\Pipeline.php(127): Illuminate\\Pipeline\\Pipeline->Illuminate\\Pipeline\\{closure}(Object(Illuminate\\Http\\Request))
#23 C:\\Users\\gubez\\OneDrive\\Área de Trabalho\\SPOPWEB_Pokemon_form_Lavaravel\\pokemon_mvc\\vendor\\laravel\\framework\\src\\Illuminate\\Routing\\Router.php(807): Illuminate\\Pipeline\\Pipeline->then(Object(Closure))
#24 C:\\Users\\gubez\\OneDrive\\Área de Trabalho\\SPOPWEB_Pokemon_form_Lavaravel\\pokemon_mvc\\vendor\\laravel\\framework\\src\\Illuminate\\Routing\\Router.php(786): Illuminate\\Routing\\Router->runRouteWithinStack(Object(Illuminate\\Routing\\Route), Object(Illuminate\\Http\\Request))
#25 C:\\Users\\gubez\\OneDrive\\Área de Trabalho\\SPOPWEB_Pokemon_form_Lavaravel\\pokemon_mvc\\vendor\\laravel\\framework\\src\\Illuminate\\Routing\\Router.php(750): Illuminate\\Routing\\Router->runRoute(Object(Illuminate\\Http\\Request), Object(Illuminate\\Routing\\Route))
#26 C:\\Users\\gubez\\OneDrive\\Área de Trabalho\\SPOPWEB_Pokemon_form_Lavaravel\\pokemon_mvc\\vendor\\laravel\\framework\\src\\Illuminate\\Routing\\Router.php(739): Illuminate\\Routing\\Router->dispatchToRoute(Object(Illuminate\\Http\\Request))
#27 C:\\Users\\gubez\\OneDrive\\Área de Trabalho\\SPOPWEB_Pokemon_form_Lavaravel\\pokemon_mvc\\vendor\\laravel\\framework\\src\\Illuminate\\Foundation\\Http\\Kernel.php(201): Illuminate\\Routing\\Router->dispatch(Object(Illuminate\\Http\\Request))
#28 C:\\Users\\gubez\\OneDrive\\Área de Trabalho\\SPOPWEB_Pokemon_form_Lavaravel\\pokemon_mvc\\vendor\\laravel\\framework\\src\\Illuminate\\Pipeline\\Pipeline.php(170): Illuminate\\Foundation\\Http\\Kernel->Illuminate\\Foundation\\Http\\{closure}(Object(Illuminate\\Http\\Request))
#29 C:\\Users\\gubez\\OneDrive\\Área de Trabalho\\SPOPWEB_Pokemon_form_Lavaravel\\pokemon_mvc\\vendor\\laravel\\framework\\src\\Illuminate\\Foundation\\Http\\Middleware\\TransformsRequest.php(21): Illuminate\\Pipeline\\Pipeline->Illuminate\\Pipeline\\{closure}(Object(Illuminate\\Http\\Request))
#30 C:\\Users\\gubez\\OneDrive\\Área de Trabalho\\SPOPWEB_Pokemon_form_Lavaravel\\pokemon_mvc\\vendor\\laravel\\framework\\src\\Illuminate\\Foundation\\Http\\Middleware\\ConvertEmptyStringsToNull.php(31): Illuminate\\Foundation\\Http\\Middleware\\TransformsRequest->handle(Object(Illuminate\\Http\\Request), Object(Closure))
#31 C:\\Users\\gubez\\OneDrive\\Área de Trabalho\\SPOPWEB_Pokemon_form_Lavaravel\\pokemon_mvc\\vendor\\laravel\\framework\\src\\Illuminate\\Pipeline\\Pipeline.php(209): Illuminate\\Foundation\\Http\\Middleware\\ConvertEmptyStringsToNull->handle(Object(Illuminate\\Http\\Request), Object(Closure))
#32 C:\\Users\\gubez\\OneDrive\\Área de Trabalho\\SPOPWEB_Pokemon_form_Lavaravel\\pokemon_mvc\\vendor\\laravel\\framework\\src\\Illuminate\\Foundation\\Http\\Middleware\\TransformsRequest.php(21): Illuminate\\Pipeline\\Pipeline->Illuminate\\Pipeline\\{closure}(Object(Illuminate\\Http\\Request))
#33 C:\\Users\\gubez\\OneDrive\\Área de Trabalho\\SPOPWEB_Pokemon_form_Lavaravel\\pokemon_mvc\\vendor\\laravel\\framework\\src\\Illuminate\\Foundation\\Http\\Middleware\\TrimStrings.php(51): Illuminate\\Foundation\\Http\\Middleware\\TransformsRequest->handle(Object(Illuminate\\Http\\Request), Object(Closure))
#34 C:\\Users\\gubez\\OneDrive\\Área de Trabalho\\SPOPWEB_Pokemon_form_Lavaravel\\pokemon_mvc\\vendor\\laravel\\framework\\src\\Illuminate\\Pipeline\\Pipeline.php(209): Illuminate\\Foundation\\Http\\Middleware\\TrimStrings->handle(Object(Illuminate\\Http\\Request), Object(Closure))
#35 C:\\Users\\gubez\\OneDrive\\Área de Trabalho\\SPOPWEB_Pokemon_form_Lavaravel\\pokemon_mvc\\vendor\\laravel\\framework\\src\\Illuminate\\Http\\Middleware\\ValidatePostSize.php(27): Illuminate\\Pipeline\\Pipeline->Illuminate\\Pipeline\\{closure}(Object(Illuminate\\Http\\Request))
#36 C:\\Users\\gubez\\OneDrive\\Área de Trabalho\\SPOPWEB_Pokemon_form_Lavaravel\\pokemon_mvc\\vendor\\laravel\\framework\\src\\Illuminate\\Pipeline\\Pipeline.php(209): Illuminate\\Http\\Middleware\\ValidatePostSize->handle(Object(Illuminate\\Http\\Request), Object(Closure))
#37 C:\\Users\\gubez\\OneDrive\\Área de Trabalho\\SPOPWEB_Pokemon_form_Lavaravel\\pokemon_mvc\\vendor\\laravel\\framework\\src\\Illuminate\\Foundation\\Http\\Middleware\\PreventRequestsDuringMaintenance.php(110): Illuminate\\Pipeline\\Pipeline->Illuminate\\Pipeline\\{closure}(Object(Illuminate\\Http\\Request))
#38 C:\\Users\\gubez\\OneDrive\\Área de Trabalho\\SPOPWEB_Pokemon_form_Lavaravel\\pokemon_mvc\\vendor\\laravel\\framework\\src\\Illuminate\\Pipeline\\Pipeline.php(209): Illuminate\\Foundation\\Http\\Middleware\\PreventRequestsDuringMaintenance->handle(Object(Illuminate\\Http\\Request), Object(Closure))
#39 C:\\Users\\gubez\\OneDrive\\Área de Trabalho\\SPOPWEB_Pokemon_form_Lavaravel\\pokemon_mvc\\vendor\\laravel\\framework\\src\\Illuminate\\Http\\Middleware\\HandleCors.php(49): Illuminate\\Pipeline\\Pipeline->Illuminate\\Pipeline\\{closure}(Object(Illuminate\\Http\\Request))
#40 C:\\Users\\gubez\\OneDrive\\Área de Trabalho\\SPOPWEB_Pokemon_form_Lavaravel\\pokemon_mvc\\vendor\\laravel\\framework\\src\\Illuminate\\Pipeline\\Pipeline.php(209): Illuminate\\Http\\Middleware\\HandleCors->handle(Object(Illuminate\\Http\\Request), Object(Closure))
#41 C:\\Users\\gubez\\OneDrive\\Área de Trabalho\\SPOPWEB_Pokemon_form_Lavaravel\\pokemon_mvc\\vendor\\laravel\\framework\\src\\Illuminate\\Http\\Middleware\\TrustProxies.php(58): Illuminate\\Pipeline\\Pipeline->Illuminate\\Pipeline\\{closure}(Object(Illuminate\\Http\\Request))
#42 C:\\Users\\gubez\\OneDrive\\Área de Trabalho\\SPOPWEB_Pokemon_form_Lavaravel\\pokemon_mvc\\vendor\\laravel\\framework\\src\\Illuminate\\Pipeline\\Pipeline.php(209): Illuminate\\Http\\Middleware\\TrustProxies->handle(Object(Illuminate\\Http\\Request), Object(Closure))
#43 C:\\Users\\gubez\\OneDrive\\Área de Trabalho\\SPOPWEB_Pokemon_form_Lavaravel\\pokemon_mvc\\vendor\\laravel\\framework\\src\\Illuminate\\Foundation\\Http\\Middleware\\InvokeDeferredCallbacks.php(22): Illuminate\\Pipeline\\Pipeline->Illuminate\\Pipeline\\{closure}(Object(Illuminate\\Http\\Request))
#44 C:\\Users\\gubez\\OneDrive\\Área de Trabalho\\SPOPWEB_Pokemon_form_Lavaravel\\pokemon_mvc\\vendor\\laravel\\framework\\src\\Illuminate\\Pipeline\\Pipeline.php(209): Illuminate\\Foundation\\Http\\Middleware\\InvokeDeferredCallbacks->handle(Object(Illuminate\\Http\\Request), Object(Closure))
#45 C:\\Users\\gubez\\OneDrive\\Área de Trabalho\\SPOPWEB_Pokemon_form_Lavaravel\\pokemon_mvc\\vendor\\laravel\\framework\\src\\Illuminate\\Pipeline\\Pipeline.php(127): Illuminate\\Pipeline\\Pipeline->Illuminate\\Pipeline\\{closure}(Object(Illuminate\\Http\\Request))
#46 C:\\Users\\gubez\\OneDrive\\Área de Trabalho\\SPOPWEB_Pokemon_form_Lavaravel\\pokemon_mvc\\vendor\\laravel\\framework\\src\\Illuminate\\Foundation\\Http\\Kernel.php(176): Illuminate\\Pipeline\\Pipeline->then(Object(Closure))
#47 C:\\Users\\gubez\\OneDrive\\Área de Trabalho\\SPOPWEB_Pokemon_form_Lavaravel\\pokemon_mvc\\vendor\\laravel\\framework\\src\\Illuminate\\Foundation\\Http\\Kernel.php(145): Illuminate\\Foundation\\Http\\Kernel->sendRequestThroughRouter(Object(Illuminate\\Http\\Request))
#48 C:\\Users\\gubez\\OneDrive\\Área de Trabalho\\SPOPWEB_Pokemon_form_Lavaravel\\pokemon_mvc\\vendor\\laravel\\framework\\src\\Illuminate\\Foundation\\Application.php(1220): Illuminate\\Foundation\\Http\\Kernel->handle(Object(Illuminate\\Http\\Request))
#49 C:\\Users\\gubez\\OneDrive\\Área de Trabalho\\SPOPWEB_Pokemon_form_Lavaravel\\pokemon_mvc\\public\\index.php(17): Illuminate\\Foundation\\Application->handleRequest(Object(Illuminate\\Http\\Request))
#50 C:\\Users\\gubez\\OneDrive\\Área de Trabalho\\SPOPWEB_Pokemon_form_Lavaravel\\pokemon_mvc\\vendor\\laravel\\framework\\src\\Illuminate\\Foundation\\resources\\server.php(23): require_once('C:\\\\Users\\\\gubez\\\\...')
#51 {main}

[previous exception] [object] (Illuminate\\Database\\SQLiteDatabaseDoesNotExistException(code: 0): Database file at path [laravel] does not exist. Ensure this is an absolute path to the database. at C:\\Users\\gubez\\OneDrive\\Área de Trabalho\\SPOPWEB_Pokemon_form_Lavaravel\\pokemon_mvc\\vendor\\laravel\\framework\\src\\Illuminate\\Database\\Connectors\\SQLiteConnector.php:37)
[stacktrace]
#0 C:\\Users\\gubez\\OneDrive\\Área de Trabalho\\SPOPWEB_Pokemon_form_Lavaravel\\pokemon_mvc\\vendor\\laravel\\framework\\src\\Illuminate\\Database\\Connectors\\ConnectionFactory.php(224): Illuminate\\Database\\Connectors\\SQLiteConnector->connect(Array)
#1 [internal function]: Illuminate\\Database\\Connectors\\ConnectionFactory->Illuminate\\Database\\Connectors\\{closure}()
#2 C:\\Users\\gubez\\OneDrive\\Área de Trabalho\\SPOPWEB_Pokemon_form_Lavaravel\\pokemon_mvc\\vendor\\laravel\\framework\\src\\Illuminate\\Database\\Connection.php(1231): call_user_func(Object(Closure))
#3 C:\\Users\\gubez\\OneDrive\\Área de Trabalho\\SPOPWEB_Pokemon_form_Lavaravel\\pokemon_mvc\\vendor\\laravel\\framework\\src\\Illuminate\\Database\\Connection.php(512): Illuminate\\Database\\Connection->getPdo()
#4 C:\\Users\\gubez\\OneDrive\\Área de Trabalho\\SPOPWEB_Pokemon_form_Lavaravel\\pokemon_mvc\\vendor\\laravel\\framework\\src\\Illuminate\\Database\\Connection.php(407): Illuminate\\Database\\Connection->getPdoForSelect(false)
#5 C:\\Users\\gubez\\OneDrive\\Área de Trabalho\\SPOPWEB_Pokemon_form_Lavaravel\\pokemon_mvc\\vendor\\laravel\\framework\\src\\Illuminate\\Database\\Connection.php(812): Illuminate\\Database\\Connection->Illuminate\\Database\\{closure}('select * from \"...', Array)
#6 C:\\Users\\gubez\\OneDrive\\Área de Trabalho\\SPOPWEB_Pokemon_form_Lavaravel\\pokemon_mvc\\vendor\\laravel\\framework\\src\\Illuminate\\Database\\Connection.php(779): Illuminate\\Database\\Connection->runQueryCallback('select * from \"...', Array, Object(Closure))
#7 C:\\Users\\gubez\\OneDrive\\Área de Trabalho\\SPOPWEB_Pokemon_form_Lavaravel\\pokemon_mvc\\vendor\\laravel\\framework\\src\\Illuminate\\Database\\Connection.php(398): Illuminate\\Database\\Connection->run('select * from \"...', Array, Object(Closure))
#8 C:\\Users\\gubez\\OneDrive\\Área de Trabalho\\SPOPWEB_Pokemon_form_Lavaravel\\pokemon_mvc\\vendor\\laravel\\framework\\src\\Illuminate\\Database\\Query\\Builder.php(3106): Illuminate\\Database\\Connection->select('select * from \"...', Array, false)
#9 C:\\Users\\gubez\\OneDrive\\Área de Trabalho\\SPOPWEB_Pokemon_form_Lavaravel\\pokemon_mvc\\vendor\\laravel\\framework\\src\\Illuminate\\Database\\Query\\Builder.php(3091): Illuminate\\Database\\Query\\Builder->runSelect()
#10 C:\\Users\\gubez\\OneDrive\\Área de Trabalho\\SPOPWEB_Pokemon_form_Lavaravel\\pokemon_mvc\\vendor\\laravel\\framework\\src\\Illuminate\\Database\\Query\\Builder.php(3676): Illuminate\\Database\\Query\\Builder->Illuminate\\Database\\Query\\{closure}()
#11 C:\\Users\\gubez\\OneDrive\\Área de Trabalho\\SPOPWEB_Pokemon_form_Lavaravel\\pokemon_mvc\\vendor\\laravel\\framework\\src\\Illuminate\\Database\\Query\\Builder.php(3090): Illuminate\\Database\\Query\\Builder->onceWithColumns(Array, Object(Closure))
#12 C:\\Users\\gubez\\OneDrive\\Área de Trabalho\\SPOPWEB_Pokemon_form_Lavaravel\\pokemon_mvc\\vendor\\laravel\\framework\\src\\Illuminate\\Database\\Concerns\\BuildsQueries.php(343): Illuminate\\Database\\Query\\Builder->get(Array)
#13 C:\\Users\\gubez\\OneDrive\\Área de Trabalho\\SPOPWEB_Pokemon_form_Lavaravel\\pokemon_mvc\\vendor\\laravel\\framework\\src\\Illuminate\\Database\\Query\\Builder.php(3013): Illuminate\\Database\\Query\\Builder->first(Array)
#14 C:\\Users\\gubez\\OneDrive\\Área de Trabalho\\SPOPWEB_Pokemon_form_Lavaravel\\pokemon_mvc\\vendor\\laravel\\framework\\src\\Illuminate\\Session\\DatabaseSessionHandler.php(97): Illuminate\\Database\\Query\\Builder->find('y4IcpG1gNyhhXmW...')
#15 C:\\Users\\gubez\\OneDrive\\Área de Trabalho\\SPOPWEB_Pokemon_form_Lavaravel\\pokemon_mvc\\vendor\\laravel\\framework\\src\\Illuminate\\Session\\Store.php(117): Illuminate\\Session\\DatabaseSessionHandler->read('y4IcpG1gNyhhXmW...')
#16 C:\\Users\\gubez\\OneDrive\\Área de Trabalho\\SPOPWEB_Pokemon_form_Lavaravel\\pokemon_mvc\\vendor\\laravel\\framework\\src\\Illuminate\\Session\\Store.php(105): Illuminate\\Session\\Store->readFromHandler()
#17 C:\\Users\\gubez\\OneDrive\\Área de Trabalho\\SPOPWEB_Pokemon_form_Lavaravel\\pokemon_mvc\\vendor\\laravel\\framework\\src\\Illuminate\\Session\\Store.php(89): Illuminate\\Session\\Store->loadSession()
#18 C:\\Users\\gubez\\OneDrive\\Área de Trabalho\\SPOPWEB_Pokemon_form_Lavaravel\\pokemon_mvc\\vendor\\laravel\\framework\\src\\Illuminate\\Session\\Middleware\\StartSession.php(147): Illuminate\\Session\\Store->start()
#19 C:\\Users\\gubez\\OneDrive\\Área de Trabalho\\SPOPWEB_Pokemon_form_Lavaravel\\pokemon_mvc\\vendor\\laravel\\framework\\src\\Illuminate\\Support\\helpers.php(399): Illuminate\\Session\\Middleware\\StartSession->Illuminate\\Session\\Middleware\\{closure}(Object(Illuminate\\Session\\Store))
#20 C:\\Users\\gubez\\OneDrive\\Área de Trabalho\\SPOPWEB_Pokemon_form_Lavaravel\\pokemon_mvc\\vendor\\laravel\\framework\\src\\Illuminate\\Session\\Middleware\\StartSession.php(144): tap(Object(Illuminate\\Session\\Store), Object(Closure))
#21 C:\\Users\\gubez\\OneDrive\\Área de Trabalho\\SPOPWEB_Pokemon_form_Lavaravel\\pokemon_mvc\\vendor\\laravel\\framework\\src\\Illuminate\\Session\\Middleware\\StartSession.php(116): Illuminate\\Session\\Middleware\\StartSession->startSession(Object(Illuminate\\Http\\Request), Object(Illuminate\\Session\\Store))
#22 C:\\Users\\gubez\\OneDrive\\Área de Trabalho\\SPOPWEB_Pokemon_form_Lavaravel\\pokemon_mvc\\vendor\\laravel\\framework\\src\\Illuminate\\Session\\Middleware\\StartSession.php(64): Illuminate\\Session\\Middleware\\StartSession->handleStatefulRequest(Object(Illuminate\\Http\\Request), Object(Illuminate\\Session\\Store), Object(Closure))
#23 C:\\Users\\gubez\\OneDrive\\Área de Trabalho\\SPOPWEB_Pokemon_form_Lavaravel\\pokemon_mvc\\vendor\\laravel\\framework\\src\\Illuminate\\Pipeline\\Pipeline.php(209): Illuminate\\Session\\Middleware\\StartSession->handle(Object(Illuminate\\Http\\Request), Object(Closure))
#24 C:\\Users\\gubez\\OneDrive\\Área de Trabalho\\SPOPWEB_Pokemon_form_Lavaravel\\pokemon_mvc\\vendor\\laravel\\framework\\src\\Illuminate\\Cookie\\Middleware\\AddQueuedCookiesToResponse.php(37): Illuminate\\Pipeline\\Pipeline->Illuminate\\Pipeline\\{closure}(Object(Illuminate\\Http\\Request))
#25 C:\\Users\\gubez\\OneDrive\\Área de Trabalho\\SPOPWEB_Pokemon_form_Lavaravel\\pokemon_mvc\\vendor\\laravel\\framework\\src\\Illuminate\\Pipeline\\Pipeline.php(209): Illuminate\\Cookie\\Middleware\\AddQueuedCookiesToResponse->handle(Object(Illuminate\\Http\\Request), Object(Closure))
#26 C:\\Users\\gubez\\OneDrive\\Área de Trabalho\\SPOPWEB_Pokemon_form_Lavaravel\\pokemon_mvc\\vendor\\laravel\\framework\\src\\Illuminate\\Cookie\\Middleware\\EncryptCookies.php(75): Illuminate\\Pipeline\\Pipeline->Illuminate\\Pipeline\\{closure}(Object(Illuminate\\Http\\Request))
#27 C:\\Users\\gubez\\OneDrive\\Área de Trabalho\\SPOPWEB_Pokemon_form_Lavaravel\\pokemon_mvc\\vendor\\laravel\\framework\\src\\Illuminate\\Pipeline\\Pipeline.php(209): Illuminate\\Cookie\\Middleware\\EncryptCookies->handle(Object(Illuminate\\Http\\Request), Object(Closure))
#28 C:\\Users\\gubez\\OneDrive\\Área de Trabalho\\SPOPWEB_Pokemon_form_Lavaravel\\pokemon_mvc\\vendor\\laravel\\framework\\src\\Illuminate\\Pipeline\\Pipeline.php(127): Illuminate\\Pipeline\\Pipeline->Illuminate\\Pipeline\\{closure}(Object(Illuminate\\Http\\Request))
#29 C:\\Users\\gubez\\OneDrive\\Área de Trabalho\\SPOPWEB_Pokemon_form_Lavaravel\\pokemon_mvc\\vendor\\laravel\\framework\\src\\Illuminate\\Routing\\Router.php(807): Illuminate\\Pipeline\\Pipeline->then(Object(Closure))
#30 C:\\Users\\gubez\\OneDrive\\Área de Trabalho\\SPOPWEB_Pokemon_form_Lavaravel\\pokemon_mvc\\vendor\\laravel\\framework\\src\\Illuminate\\Routing\\Router.php(786): Illuminate\\Routing\\Router->runRouteWithinStack(Object(Illuminate\\Routing\\Route), Object(Illuminate\\Http\\Request))
#31 C:\\Users\\gubez\\OneDrive\\Área de Trabalho\\SPOPWEB_Pokemon_form_Lavaravel\\pokemon_mvc\\vendor\\laravel\\framework\\src\\Illuminate\\Routing\\Router.php(750): Illuminate\\Routing\\Router->runRoute(Object(Illuminate\\Http\\Request), Object(Illuminate\\Routing\\Route))
#32 C:\\Users\\gubez\\OneDrive\\Área de Trabalho\\SPOPWEB_Pokemon_form_Lavaravel\\pokemon_mvc\\vendor\\laravel\\framework\\src\\Illuminate\\Routing\\Router.php(739): Illuminate\\Routing\\Router->dispatchToRoute(Object(Illuminate\\Http\\Request))
#33 C:\\Users\\gubez\\OneDrive\\Área de Trabalho\\SPOPWEB_Pokemon_form_Lavaravel\\pokemon_mvc\\vendor\\laravel\\framework\\src\\Illuminate\\Foundation\\Http\\Kernel.php(201): Illuminate\\Routing\\Router->dispatch(Object(Illuminate\\Http\\Request))
#34 C:\\Users\\gubez\\OneDrive\\Área de Trabalho\\SPOPWEB_Pokemon_form_Lavaravel\\pokemon_mvc\\vendor\\laravel\\framework\\src\\Illuminate\\Pipeline\\Pipeline.php(170): Illuminate\\Foundation\\Http\\Kernel->Illuminate\\Foundation\\Http\\{closure}(Object(Illuminate\\Http\\Request))
#35 C:\\Users\\gubez\\OneDrive\\Área de Trabalho\\SPOPWEB_Pokemon_form_Lavaravel\\pokemon_mvc\\vendor\\laravel\\framework\\src\\Illuminate\\Foundation\\Http\\Middleware\\TransformsRequest.php(21): Illuminate\\Pipeline\\Pipeline->Illuminate\\Pipeline\\{closure}(Object(Illuminate\\Http\\Request))
#36 C:\\Users\\gubez\\OneDrive\\Área de Trabalho\\SPOPWEB_Pokemon_form_Lavaravel\\pokemon_mvc\\vendor\\laravel\\framework\\src\\Illuminate\\Foundation\\Http\\Middleware\\ConvertEmptyStringsToNull.php(31): Illuminate\\Foundation\\Http\\Middleware\\TransformsRequest->handle(Object(Illuminate\\Http\\Request), Object(Closure))
#37 C:\\Users\\gubez\\OneDrive\\Área de Trabalho\\SPOPWEB_Pokemon_form_Lavaravel\\pokemon_mvc\\vendor\\laravel\\framework\\src\\Illuminate\\Pipeline\\Pipeline.php(209): Illuminate\\Foundation\\Http\\Middleware\\ConvertEmptyStringsToNull->handle(Object(Illuminate\\Http\\Request), Object(Closure))
#38 C:\\Users\\gubez\\OneDrive\\Área de Trabalho\\SPOPWEB_Pokemon_form_Lavaravel\\pokemon_mvc\\vendor\\laravel\\framework\\src\\Illuminate\\Foundation\\Http\\Middleware\\TransformsRequest.php(21): Illuminate\\Pipeline\\Pipeline->Illuminate\\Pipeline\\{closure}(Object(Illuminate\\Http\\Request))
#39 C:\\Users\\gubez\\OneDrive\\Área de Trabalho\\SPOPWEB_Pokemon_form_Lavaravel\\pokemon_mvc\\vendor\\laravel\\framework\\src\\Illuminate\\Foundation\\Http\\Middleware\\TrimStrings.php(51): Illuminate\\Foundation\\Http\\Middleware\\TransformsRequest->handle(Object(Illuminate\\Http\\Request), Object(Closure))
#40 C:\\Users\\gubez\\OneDrive\\Área de Trabalho\\SPOPWEB_Pokemon_form_Lavaravel\\pokemon_mvc\\vendor\\laravel\\framework\\src\\Illuminate\\Pipeline\\Pipeline.php(209): Illuminate\\Foundation\\Http\\Middleware\\TrimStrings->handle(Object(Illuminate\\Http\\Request), Object(Closure))
#41 C:\\Users\\gubez\\OneDrive\\Área de Trabalho\\SPOPWEB_Pokemon_form_Lavaravel\\pokemon_mvc\\vendor\\laravel\\framework\\src\\Illuminate\\Http\\Middleware\\ValidatePostSize.php(27): Illuminate\\Pipeline\\Pipeline->Illuminate\\Pipeline\\{closure}(Object(Illuminate\\Http\\Request))
#42 C:\\Users\\gubez\\OneDrive\\Área de Trabalho\\SPOPWEB_Pokemon_form_Lavaravel\\pokemon_mvc\\vendor\\laravel\\framework\\src\\Illuminate\\Pipeline\\Pipeline.php(209): Illuminate\\Http\\Middleware\\ValidatePostSize->handle(Object(Illuminate\\Http\\Request), Object(Closure))
#43 C:\\Users\\gubez\\OneDrive\\Área de Trabalho\\SPOPWEB_Pokemon_form_Lavaravel\\pokemon_mvc\\vendor\\laravel\\framework\\src\\Illuminate\\Foundation\\Http\\Middleware\\PreventRequestsDuringMaintenance.php(110): Illuminate\\Pipeline\\Pipeline->Illuminate\\Pipeline\\{closure}(Object(Illuminate\\Http\\Request))
#44 C:\\Users\\gubez\\OneDrive\\Área de Trabalho\\SPOPWEB_Pokemon_form_Lavaravel\\pokemon_mvc\\vendor\\laravel\\framework\\src\\Illuminate\\Pipeline\\Pipeline.php(209): Illuminate\\Foundation\\Http\\Middleware\\PreventRequestsDuringMaintenance->handle(Object(Illuminate\\Http\\Request), Object(Closure))
#45 C:\\Users\\gubez\\OneDrive\\Área de Trabalho\\SPOPWEB_Pokemon_form_Lavaravel\\pokemon_mvc\\vendor\\laravel\\framework\\src\\Illuminate\\Http\\Middleware\\HandleCors.php(49): Illuminate\\Pipeline\\Pipeline->Illuminate\\Pipeline\\{closure}(Object(Illuminate\\Http\\Request))
#46 C:\\Users\\gubez\\OneDrive\\Área de Trabalho\\SPOPWEB_Pokemon_form_Lavaravel\\pokemon_mvc\\vendor\\laravel\\framework\\src\\Illuminate\\Pipeline\\Pipeline.php(209): Illuminate\\Http\\Middleware\\HandleCors->handle(Object(Illuminate\\Http\\Request), Object(Closure))
#47 C:\\Users\\gubez\\OneDrive\\Área de Trabalho\\SPOPWEB_Pokemon_form_Lavaravel\\pokemon_mvc\\vendor\\laravel\\framework\\src\\Illuminate\\Http\\Middleware\\TrustProxies.php(58): Illuminate\\Pipeline\\Pipeline->Illuminate\\Pipeline\\{closure}(Object(Illuminate\\Http\\Request))
#48 C:\\Users\\gubez\\OneDrive\\Área de Trabalho\\SPOPWEB_Pokemon_form_Lavaravel\\pokemon_mvc\\vendor\\laravel\\framework\\src\\Illuminate\\Pipeline\\Pipeline.php(209): Illuminate\\Http\\Middleware\\TrustProxies->handle(Object(Illuminate\\Http\\Request), Object(Closure))
#49 C:\\Users\\gubez\\OneDrive\\Área de Trabalho\\SPOPWEB_Pokemon_form_Lavaravel\\pokemon_mvc\\vendor\\laravel\\framework\\src\\Illuminate\\Foundation\\Http\\Middleware\\InvokeDeferredCallbacks.php(22): Illuminate\\Pipeline\\Pipeline->Illuminate\\Pipeline\\{closure}(Object(Illuminate\\Http\\Request))
#50 C:\\Users\\gubez\\OneDrive\\Área de Trabalho\\SPOPWEB_Pokemon_form_Lavaravel\\pokemon_mvc\\vendor\\laravel\\framework\\src\\Illuminate\\Pipeline\\Pipeline.php(209): Illuminate\\Foundation\\Http\\Middleware\\InvokeDeferredCallbacks->handle(Object(Illuminate\\Http\\Request), Object(Closure))
#51 C:\\Users\\gubez\\OneDrive\\Área de Trabalho\\SPOPWEB_Pokemon_form_Lavaravel\\pokemon_mvc\\vendor\\laravel\\framework\\src\\Illuminate\\Pipeline\\Pipeline.php(127): Illuminate\\Pipeline\\Pipeline->Illuminate\\Pipeline\\{closure}(Object(Illuminate\\Http\\Request))
#52 C:\\Users\\gubez\\OneDrive\\Área de Trabalho\\SPOPWEB_Pokemon_form_Lavaravel\\pokemon_mvc\\vendor\\laravel\\framework\\src\\Illuminate\\Foundation\\Http\\Kernel.php(176): Illuminate\\Pipeline\\Pipeline->then(Object(Closure))
#53 C:\\Users\\gubez\\OneDrive\\Área de Trabalho\\SPOPWEB_Pokemon_form_Lavaravel\\pokemon_mvc\\vendor\\laravel\\framework\\src\\Illuminate\\Foundation\\Http\\Kernel.php(145): Illuminate\\Foundation\\Http\\Kernel->sendRequestThroughRouter(Object(Illuminate\\Http\\Request))
#54 C:\\Users\\gubez\\OneDrive\\Área de Trabalho\\SPOPWEB_Pokemon_form_Lavaravel\\pokemon_mvc\\vendor\\laravel\\framework\\src\\Illuminate\\Foundation\\Application.php(1220): Illuminate\\Foundation\\Http\\Kernel->handle(Object(Illuminate\\Http\\Request))
#55 C:\\Users\\gubez\\OneDrive\\Área de Trabalho\\SPOPWEB_Pokemon_form_Lavaravel\\pokemon_mvc\\public\\index.php(17): Illuminate\\Foundation\\Application->handleRequest(Object(Illuminate\\Http\\Request))
#56 C:\\Users\\gubez\\OneDrive\\Área de Trabalho\\SPOPWEB_Pokemon_form_Lavaravel\\pokemon_mvc\\vendor\\laravel\\framework\\src\\Illuminate\\Foundation\\resources\\server.php(23): require_once('C:\\\\Users\\\\gubez\\\\...')
#57 {main}
"} 
[2025-11-21 15:50:10] local.ERROR: SQLSTATE[HY000]: General error: 1 no such table: sessions (Connection: sqlite, SQL: select * from "sessions" where "id" = EbmwCDiZjDTL5JpTLqll49CUMs8W7xdyYi7toUYg limit 1) {"exception":"[object] (Illuminate\\Database\\QueryException(code: HY000): SQLSTATE[HY000]: General error: 1 no such table: sessions (Connection: sqlite, SQL: select * from \"sessions\" where \"id\" = EbmwCDiZjDTL5JpTLqll49CUMs8W7xdyYi7toUYg limit 1) at C:\\Users\\gubez\\OneDrive\\Área de Trabalho\\SPOPWEB_Pokemon_form_Lavaravel\\pokemon_mvc\\vendor\\laravel\\framework\\src\\Illuminate\\Database\\Connection.php:825)
[stacktrace]
#0 C:\\Users\\gubez\\OneDrive\\Área de Trabalho\\SPOPWEB_Pokemon_form_Lavaravel\\pokemon_mvc\\vendor\\laravel\\framework\\src\\Illuminate\\Database\\Connection.php(779): Illuminate\\Database\\Connection->runQueryCallback('select * from \"...', Array, Object(Closure))
#1 C:\\Users\\gubez\\OneDrive\\Área de Trabalho\\SPOPWEB_Pokemon_form_Lavaravel\\pokemon_mvc\\vendor\\laravel\\framework\\src\\Illuminate\\Database\\Connection.php(398): Illuminate\\Database\\Connection->run('select * from \"...', Array, Object(Closure))
#2 C:\\Users\\gubez\\OneDrive\\Área de Trabalho\\SPOPWEB_Pokemon_form_Lavaravel\\pokemon_mvc\\vendor\\laravel\\framework\\src\\Illuminate\\Database\\Query\\Builder.php(3106): Illuminate\\Database\\Connection->select('select * from \"...', Array, false)
#3 C:\\Users\\gubez\\OneDrive\\Área de Trabalho\\SPOPWEB_Pokemon_form_Lavaravel\\pokemon_mvc\\vendor\\laravel\\framework\\src\\Illuminate\\Database\\Query\\Builder.php(3091): Illuminate\\Database\\Query\\Builder->runSelect()
#4 C:\\Users\\gubez\\OneDrive\\Área de Trabalho\\SPOPWEB_Pokemon_form_Lavaravel\\pokemon_mvc\\vendor\\laravel\\framework\\src\\Illuminate\\Database\\Query\\Builder.php(3676): Illuminate\\Database\\Query\\Builder->Illuminate\\Database\\Query\\{closure}()
#5 C:\\Users\\gubez\\OneDrive\\Área de Trabalho\\SPOPWEB_Pokemon_form_Lavaravel\\pokemon_mvc\\vendor\\laravel\\framework\\src\\Illuminate\\Database\\Query\\Builder.php(3090): Illuminate\\Database\\Query\\Builder->onceWithColumns(Array, Object(Closure))
#6 C:\\Users\\gubez\\OneDrive\\Área de Trabalho\\SPOPWEB_Pokemon_form_Lavaravel\\pokemon_mvc\\vendor\\laravel\\framework\\src\\Illuminate\\Database\\Concerns\\BuildsQueries.php(343): Illuminate\\Database\\Query\\Builder->get(Array)
#7 C:\\Users\\gubez\\OneDrive\\Área de Trabalho\\SPOPWEB_Pokemon_form_Lavaravel\\pokemon_mvc\\vendor\\laravel\\framework\\src\\Illuminate\\Database\\Query\\Builder.php(3013): Illuminate\\Database\\Query\\Builder->first(Array)
#8 C:\\Users\\gubez\\OneDrive\\Área de Trabalho\\SPOPWEB_Pokemon_form_Lavaravel\\pokemon_mvc\\vendor\\laravel\\framework\\src\\Illuminate\\Session\\DatabaseSessionHandler.php(97): Illuminate\\Database\\Query\\Builder->find('EbmwCDiZjDTL5Jp...')
#9 C:\\Users\\gubez\\OneDrive\\Área de Trabalho\\SPOPWEB_Pokemon_form_Lavaravel\\pokemon_mvc\\vendor\\laravel\\framework\\src\\Illuminate\\Session\\Store.php(117): Illuminate\\Session\\DatabaseSessionHandler->read('EbmwCDiZjDTL5Jp...')
#10 C:\\Users\\gubez\\OneDrive\\Área de Trabalho\\SPOPWEB_Pokemon_form_Lavaravel\\pokemon_mvc\\vendor\\laravel\\framework\\src\\Illuminate\\Session\\Store.php(105): Illuminate\\Session\\Store->readFromHandler()
#11 C:\\Users\\gubez\\OneDrive\\Área de Trabalho\\SPOPWEB_Pokemon_form_Lavaravel\\pokemon_mvc\\vendor\\laravel\\framework\\src\\Illuminate\\Session\\Store.php(89): Illuminate\\Session\\Store->loadSession()
#12 C:\\Users\\gubez\\OneDrive\\Área de Trabalho\\SPOPWEB_Pokemon_form_Lavaravel\\pokemon_mvc\\vendor\\laravel\\framework\\src\\Illuminate\\Session\\Middleware\\StartSession.php(147): Illuminate\\Session\\Store->start()
#13 C:\\Users\\gubez\\OneDrive\\Área de Trabalho\\SPOPWEB_Pokemon_form_Lavaravel\\pokemon_mvc\\vendor\\laravel\\framework\\src\\Illuminate\\Support\\helpers.php(399): Illuminate\\Session\\Middleware\\StartSession->Illuminate\\Session\\Middleware\\{closure}(Object(Illuminate\\Session\\Store))
#14 C:\\Users\\gubez\\OneDrive\\Área de Trabalho\\SPOPWEB_Pokemon_form_Lavaravel\\pokemon_mvc\\vendor\\laravel\\framework\\src\\Illuminate\\Session\\Middleware\\StartSession.php(144): tap(Object(Illuminate\\Session\\Store), Object(Closure))
#15 C:\\Users\\gubez\\OneDrive\\Área de Trabalho\\SPOPWEB_Pokemon_form_Lavaravel\\pokemon_mvc\\vendor\\laravel\\framework\\src\\Illuminate\\Session\\Middleware\\StartSession.php(116): Illuminate\\Session\\Middleware\\StartSession->startSession(Object(Illuminate\\Http\\Request), Object(Illuminate\\Session\\Store))
#16 C:\\Users\\gubez\\OneDrive\\Área de Trabalho\\SPOPWEB_Pokemon_form_Lavaravel\\pokemon_mvc\\vendor\\laravel\\framework\\src\\Illuminate\\Session\\Middleware\\StartSession.php(64): Illuminate\\Session\\Middleware\\StartSession->handleStatefulRequest(Object(Illuminate\\Http\\Request), Object(Illuminate\\Session\\Store), Object(Closure))
#17 C:\\Users\\gubez\\OneDrive\\Área de Trabalho\\SPOPWEB_Pokemon_form_Lavaravel\\pokemon_mvc\\vendor\\laravel\\framework\\src\\Illuminate\\Pipeline\\Pipeline.php(209): Illuminate\\Session\\Middleware\\StartSession->handle(Object(Illuminate\\Http\\Request), Object(Closure))
#18 C:\\Users\\gubez\\OneDrive\\Área de Trabalho\\SPOPWEB_Pokemon_form_Lavaravel\\pokemon_mvc\\vendor\\laravel\\framework\\src\\Illuminate\\Cookie\\Middleware\\AddQueuedCookiesToResponse.php(37): Illuminate\\Pipeline\\Pipeline->Illuminate\\Pipeline\\{closure}(Object(Illuminate\\Http\\Request))
#19 C:\\Users\\gubez\\OneDrive\\Área de Trabalho\\SPOPWEB_Pokemon_form_Lavaravel\\pokemon_mvc\\vendor\\laravel\\framework\\src\\Illuminate\\Pipeline\\Pipeline.php(209): Illuminate\\Cookie\\Middleware\\AddQueuedCookiesToResponse->handle(Object(Illuminate\\Http\\Request), Object(Closure))
#20 C:\\Users\\gubez\\OneDrive\\Área de Trabalho\\SPOPWEB_Pokemon_form_Lavaravel\\pokemon_mvc\\vendor\\laravel\\framework\\src\\Illuminate\\Cookie\\Middleware\\EncryptCookies.php(75): Illuminate\\Pipeline\\Pipeline->Illuminate\\Pipeline\\{closure}(Object(Illuminate\\Http\\Request))
#21 C:\\Users\\gubez\\OneDrive\\Área de Trabalho\\SPOPWEB_Pokemon_form_Lavaravel\\pokemon_mvc\\vendor\\laravel\\framework\\src\\Illuminate\\Pipeline\\Pipeline.php(209): Illuminate\\Cookie\\Middleware\\EncryptCookies->handle(Object(Illuminate\\Http\\Request), Object(Closure))
#22 C:\\Users\\gubez\\OneDrive\\Área de Trabalho\\SPOPWEB_Pokemon_form_Lavaravel\\pokemon_mvc\\vendor\\laravel\\framework\\src\\Illuminate\\Pipeline\\Pipeline.php(127): Illuminate\\Pipeline\\Pipeline->Illuminate\\Pipeline\\{closure}(Object(Illuminate\\Http\\Request))
#23 C:\\Users\\gubez\\OneDrive\\Área de Trabalho\\SPOPWEB_Pokemon_form_Lavaravel\\pokemon_mvc\\vendor\\laravel\\framework\\src\\Illuminate\\Routing\\Router.php(807): Illuminate\\Pipeline\\Pipeline->then(Object(Closure))
#24 C:\\Users\\gubez\\OneDrive\\Área de Trabalho\\SPOPWEB_Pokemon_form_Lavaravel\\pokemon_mvc\\vendor\\laravel\\framework\\src\\Illuminate\\Routing\\Router.php(786): Illuminate\\Routing\\Router->runRouteWithinStack(Object(Illuminate\\Routing\\Route), Object(Illuminate\\Http\\Request))
#25 C:\\Users\\gubez\\OneDrive\\Área de Trabalho\\SPOPWEB_Pokemon_form_Lavaravel\\pokemon_mvc\\vendor\\laravel\\framework\\src\\Illuminate\\Routing\\Router.php(750): Illuminate\\Routing\\Router->runRoute(Object(Illuminate\\Http\\Request), Object(Illuminate\\Routing\\Route))
#26 C:\\Users\\gubez\\OneDrive\\Área de Trabalho\\SPOPWEB_Pokemon_form_Lavaravel\\pokemon_mvc\\vendor\\laravel\\framework\\src\\Illuminate\\Routing\\Router.php(739): Illuminate\\Routing\\Router->dispatchToRoute(Object(Illuminate\\Http\\Request))
#27 C:\\Users\\gubez\\OneDrive\\Área de Trabalho\\SPOPWEB_Pokemon_form_Lavaravel\\pokemon_mvc\\vendor\\laravel\\framework\\src\\Illuminate\\Foundation\\Http\\Kernel.php(201): Illuminate\\Routing\\Router->dispatch(Object(Illuminate\\Http\\Request))
#28 C:\\Users\\gubez\\OneDrive\\Área de Trabalho\\SPOPWEB_Pokemon_form_Lavaravel\\pokemon_mvc\\vendor\\laravel\\framework\\src\\Illuminate\\Pipeline\\Pipeline.php(170): Illuminate\\Foundation\\Http\\Kernel->Illuminate\\Foundation\\Http\\{closure}(Object(Illuminate\\Http\\Request))
#29 C:\\Users\\gubez\\OneDrive\\Área de Trabalho\\SPOPWEB_Pokemon_form_Lavaravel\\pokemon_mvc\\vendor\\laravel\\framework\\src\\Illuminate\\Foundation\\Http\\Middleware\\TransformsRequest.php(21): Illuminate\\Pipeline\\Pipeline->Illuminate\\Pipeline\\{closure}(Object(Illuminate\\Http\\Request))
#30 C:\\Users\\gubez\\OneDrive\\Área de Trabalho\\SPOPWEB_Pokemon_form_Lavaravel\\pokemon_mvc\\vendor\\laravel\\framework\\src\\Illuminate\\Foundation\\Http\\Middleware\\ConvertEmptyStringsToNull.php(31): Illuminate\\Foundation\\Http\\Middleware\\TransformsRequest->handle(Object(Illuminate\\Http\\Request), Object(Closure))
#31 C:\\Users\\gubez\\OneDrive\\Área de Trabalho\\SPOPWEB_Pokemon_form_Lavaravel\\pokemon_mvc\\vendor\\laravel\\framework\\src\\Illuminate\\Pipeline\\Pipeline.php(209): Illuminate\\Foundation\\Http\\Middleware\\ConvertEmptyStringsToNull->handle(Object(Illuminate\\Http\\Request), Object(Closure))
#32 C:\\Users\\gubez\\OneDrive\\Área de Trabalho\\SPOPWEB_Pokemon_form_Lavaravel\\pokemon_mvc\\vendor\\laravel\\framework\\src\\Illuminate\\Foundation\\Http\\Middleware\\TransformsRequest.php(21): Illuminate\\Pipeline\\Pipeline->Illuminate\\Pipeline\\{closure}(Object(Illuminate\\Http\\Request))
#33 C:\\Users\\gubez\\OneDrive\\Área de Trabalho\\SPOPWEB_Pokemon_form_Lavaravel\\pokemon_mvc\\vendor\\laravel\\framework\\src\\Illuminate\\Foundation\\Http\\Middleware\\TrimStrings.php(51): Illuminate\\Foundation\\Http\\Middleware\\TransformsRequest->handle(Object(Illuminate\\Http\\Request), Object(Closure))
#34 C:\\Users\\gubez\\OneDrive\\Área de Trabalho\\SPOPWEB_Pokemon_form_Lavaravel\\pokemon_mvc\\vendor\\laravel\\framework\\src\\Illuminate\\Pipeline\\Pipeline.php(209): Illuminate\\Foundation\\Http\\Middleware\\TrimStrings->handle(Object(Illuminate\\Http\\Request), Object(Closure))
#35 C:\\Users\\gubez\\OneDrive\\Área de Trabalho\\SPOPWEB_Pokemon_form_Lavaravel\\pokemon_mvc\\vendor\\laravel\\framework\\src\\Illuminate\\Http\\Middleware\\ValidatePostSize.php(27): Illuminate\\Pipeline\\Pipeline->Illuminate\\Pipeline\\{closure}(Object(Illuminate\\Http\\Request))
#36 C:\\Users\\gubez\\OneDrive\\Área de Trabalho\\SPOPWEB_Pokemon_form_Lavaravel\\pokemon_mvc\\vendor\\laravel\\framework\\src\\Illuminate\\Pipeline\\Pipeline.php(209): Illuminate\\Http\\Middleware\\ValidatePostSize->handle(Object(Illuminate\\Http\\Request), Object(Closure))
#37 C:\\Users\\gubez\\OneDrive\\Área de Trabalho\\SPOPWEB_Pokemon_form_Lavaravel\\pokemon_mvc\\vendor\\laravel\\framework\\src\\Illuminate\\Foundation\\Http\\Middleware\\PreventRequestsDuringMaintenance.php(110): Illuminate\\Pipeline\\Pipeline->Illuminate\\Pipeline\\{closure}(Object(Illuminate\\Http\\Request))
#38 C:\\Users\\gubez\\OneDrive\\Área de Trabalho\\SPOPWEB_Pokemon_form_Lavaravel\\pokemon_mvc\\vendor\\laravel\\framework\\src\\Illuminate\\Pipeline\\Pipeline.php(209): Illuminate\\Foundation\\Http\\Middleware\\PreventRequestsDuringMaintenance->handle(Object(Illuminate\\Http\\Request), Object(Closure))
#39 C:\\Users\\gubez\\OneDrive\\Área de Trabalho\\SPOPWEB_Pokemon_form_Lavaravel\\pokemon_mvc\\vendor\\laravel\\framework\\src\\Illuminate\\Http\\Middleware\\HandleCors.php(49): Illuminate\\Pipeline\\Pipeline->Illuminate\\Pipeline\\{closure}(Object(Illuminate\\Http\\Request))
#40 C:\\Users\\gubez\\OneDrive\\Área de Trabalho\\SPOPWEB_Pokemon_form_Lavaravel\\pokemon_mvc\\vendor\\laravel\\framework\\src\\Illuminate\\Pipeline\\Pipeline.php(209): Illuminate\\Http\\Middleware\\HandleCors->handle(Object(Illuminate\\Http\\Request), Object(Closure))
#41 C:\\Users\\gubez\\OneDrive\\Área de Trabalho\\SPOPWEB_Pokemon_form_Lavaravel\\pokemon_mvc\\vendor\\laravel\\framework\\src\\Illuminate\\Http\\Middleware\\TrustProxies.php(58): Illuminate\\Pipeline\\Pipeline->Illuminate\\Pipeline\\{closure}(Object(Illuminate\\Http\\Request))
#42 C:\\Users\\gubez\\OneDrive\\Área de Trabalho\\SPOPWEB_Pokemon_form_Lavaravel\\pokemon_mvc\\vendor\\laravel\\framework\\src\\Illuminate\\Pipeline\\Pipeline.php(209): Illuminate\\Http\\Middleware\\TrustProxies->handle(Object(Illuminate\\Http\\Request), Object(Closure))
#43 C:\\Users\\gubez\\OneDrive\\Área de Trabalho\\SPOPWEB_Pokemon_form_Lavaravel\\pokemon_mvc\\vendor\\laravel\\framework\\src\\Illuminate\\Foundation\\Http\\Middleware\\InvokeDeferredCallbacks.php(22): Illuminate\\Pipeline\\Pipeline->Illuminate\\Pipeline\\{closure}(Object(Illuminate\\Http\\Request))
#44 C:\\Users\\gubez\\OneDrive\\Área de Trabalho\\SPOPWEB_Pokemon_form_Lavaravel\\pokemon_mvc\\vendor\\laravel\\framework\\src\\Illuminate\\Pipeline\\Pipeline.php(209): Illuminate\\Foundation\\Http\\Middleware\\InvokeDeferredCallbacks->handle(Object(Illuminate\\Http\\Request), Object(Closure))
#45 C:\\Users\\gubez\\OneDrive\\Área de Trabalho\\SPOPWEB_Pokemon_form_Lavaravel\\pokemon_mvc\\vendor\\laravel\\framework\\src\\Illuminate\\Pipeline\\Pipeline.php(127): Illuminate\\Pipeline\\Pipeline->Illuminate\\Pipeline\\{closure}(Object(Illuminate\\Http\\Request))
#46 C:\\Users\\gubez\\OneDrive\\Área de Trabalho\\SPOPWEB_Pokemon_form_Lavaravel\\pokemon_mvc\\vendor\\laravel\\framework\\src\\Illuminate\\Foundation\\Http\\Kernel.php(176): Illuminate\\Pipeline\\Pipeline->then(Object(Closure))
#47 C:\\Users\\gubez\\OneDrive\\Área de Trabalho\\SPOPWEB_Pokemon_form_Lavaravel\\pokemon_mvc\\vendor\\laravel\\framework\\src\\Illuminate\\Foundation\\Http\\Kernel.php(145): Illuminate\\Foundation\\Http\\Kernel->sendRequestThroughRouter(Object(Illuminate\\Http\\Request))
#48 C:\\Users\\gubez\\OneDrive\\Área de Trabalho\\SPOPWEB_Pokemon_form_Lavaravel\\pokemon_mvc\\vendor\\laravel\\framework\\src\\Illuminate\\Foundation\\Application.php(1220): Illuminate\\Foundation\\Http\\Kernel->handle(Object(Illuminate\\Http\\Request))
#49 C:\\Users\\gubez\\OneDrive\\Área de Trabalho\\SPOPWEB_Pokemon_form_Lavaravel\\pokemon_mvc\\public\\index.php(17): Illuminate\\Foundation\\Application->handleRequest(Object(Illuminate\\Http\\Request))
#50 C:\\Users\\gubez\\OneDrive\\Área de Trabalho\\SPOPWEB_Pokemon_form_Lavaravel\\pokemon_mvc\\vendor\\laravel\\framework\\src\\Illuminate\\Foundation\\resources\\server.php(23): require_once('C:\\\\Users\\\\gubez\\\\...')
#51 {main}

[previous exception] [object] (PDOException(code: HY000): SQLSTATE[HY000]: General error: 1 no such table: sessions at C:\\Users\\gubez\\OneDrive\\Área de Trabalho\\SPOPWEB_Pokemon_form_Lavaravel\\pokemon_mvc\\vendor\\laravel\\framework\\src\\Illuminate\\Database\\Connection.php:407)
[stacktrace]
#0 C:\\Users\\gubez\\OneDrive\\Área de Trabalho\\SPOPWEB_Pokemon_form_Lavaravel\\pokemon_mvc\\vendor\\laravel\\framework\\src\\Illuminate\\Database\\Connection.php(407): PDO->prepare('select * from \"...')
#1 C:\\Users\\gubez\\OneDrive\\Área de Trabalho\\SPOPWEB_Pokemon_form_Lavaravel\\pokemon_mvc\\vendor\\laravel\\framework\\src\\Illuminate\\Database\\Connection.php(812): Illuminate\\Database\\Connection->Illuminate\\Database\\{closure}('select * from \"...', Array)
#2 C:\\Users\\gubez\\OneDrive\\Área de Trabalho\\SPOPWEB_Pokemon_form_Lavaravel\\pokemon_mvc\\vendor\\laravel\\framework\\src\\Illuminate\\Database\\Connection.php(779): Illuminate\\Database\\Connection->runQueryCallback('select * from \"...', Array, Object(Closure))
#3 C:\\Users\\gubez\\OneDrive\\Área de Trabalho\\SPOPWEB_Pokemon_form_Lavaravel\\pokemon_mvc\\vendor\\laravel\\framework\\src\\Illuminate\\Database\\Connection.php(398): Illuminate\\Database\\Connection->run('select * from \"...', Array, Object(Closure))
#4 C:\\Users\\gubez\\OneDrive\\Área de Trabalho\\SPOPWEB_Pokemon_form_Lavaravel\\pokemon_mvc\\vendor\\laravel\\framework\\src\\Illuminate\\Database\\Query\\Builder.php(3106): Illuminate\\Database\\Connection->select('select * from \"...', Array, false)
#5 C:\\Users\\gubez\\OneDrive\\Área de Trabalho\\SPOPWEB_Pokemon_form_Lavaravel\\pokemon_mvc\\vendor\\laravel\\framework\\src\\Illuminate\\Database\\Query\\Builder.php(3091): Illuminate\\Database\\Query\\Builder->runSelect()
#6 C:\\Users\\gubez\\OneDrive\\Área de Trabalho\\SPOPWEB_Pokemon_form_Lavaravel\\pokemon_mvc\\vendor\\laravel\\framework\\src\\Illuminate\\Database\\Query\\Builder.php(3676): Illuminate\\Database\\Query\\Builder->Illuminate\\Database\\Query\\{closure}()
#7 C:\\Users\\gubez\\OneDrive\\Área de Trabalho\\SPOPWEB_Pokemon_form_Lavaravel\\pokemon_mvc\\vendor\\laravel\\framework\\src\\Illuminate\\Database\\Query\\Builder.php(3090): Illuminate\\Database\\Query\\Builder->onceWithColumns(Array, Object(Closure))
#8 C:\\Users\\gubez\\OneDrive\\Área de Trabalho\\SPOPWEB_Pokemon_form_Lavaravel\\pokemon_mvc\\vendor\\laravel\\framework\\src\\Illuminate\\Database\\Concerns\\BuildsQueries.php(343): Illuminate\\Database\\Query\\Builder->get(Array)
#9 C:\\Users\\gubez\\OneDrive\\Área de Trabalho\\SPOPWEB_Pokemon_form_Lavaravel\\pokemon_mvc\\vendor\\laravel\\framework\\src\\Illuminate\\Database\\Query\\Builder.php(3013): Illuminate\\Database\\Query\\Builder->first(Array)
#10 C:\\Users\\gubez\\OneDrive\\Área de Trabalho\\SPOPWEB_Pokemon_form_Lavaravel\\pokemon_mvc\\vendor\\laravel\\framework\\src\\Illuminate\\Session\\DatabaseSessionHandler.php(97): Illuminate\\Database\\Query\\Builder->find('EbmwCDiZjDTL5Jp...')
#11 C:\\Users\\gubez\\OneDrive\\Área de Trabalho\\SPOPWEB_Pokemon_form_Lavaravel\\pokemon_mvc\\vendor\\laravel\\framework\\src\\Illuminate\\Session\\Store.php(117): Illuminate\\Session\\DatabaseSessionHandler->read('EbmwCDiZjDTL5Jp...')
#12 C:\\Users\\gubez\\OneDrive\\Área de Trabalho\\SPOPWEB_Pokemon_form_Lavaravel\\pokemon_mvc\\vendor\\laravel\\framework\\src\\Illuminate\\Session\\Store.php(105): Illuminate\\Session\\Store->readFromHandler()
#13 C:\\Users\\gubez\\OneDrive\\Área de Trabalho\\SPOPWEB_Pokemon_form_Lavaravel\\pokemon_mvc\\vendor\\laravel\\framework\\src\\Illuminate\\Session\\Store.php(89): Illuminate\\Session\\Store->loadSession()
#14 C:\\Users\\gubez\\OneDrive\\Área de Trabalho\\SPOPWEB_Pokemon_form_Lavaravel\\pokemon_mvc\\vendor\\laravel\\framework\\src\\Illuminate\\Session\\Middleware\\StartSession.php(147): Illuminate\\Session\\Store->start()
#15 C:\\Users\\gubez\\OneDrive\\Área de Trabalho\\SPOPWEB_Pokemon_form_Lavaravel\\pokemon_mvc\\vendor\\laravel\\framework\\src\\Illuminate\\Support\\helpers.php(399): Illuminate\\Session\\Middleware\\StartSession->Illuminate\\Session\\Middleware\\{closure}(Object(Illuminate\\Session\\Store))
#16 C:\\Users\\gubez\\OneDrive\\Área de Trabalho\\SPOPWEB_Pokemon_form_Lavaravel\\pokemon_mvc\\vendor\\laravel\\framework\\src\\Illuminate\\Session\\Middleware\\StartSession.php(144): tap(Object(Illuminate\\Session\\Store), Object(Closure))
#17 C:\\Users\\gubez\\OneDrive\\Área de Trabalho\\SPOPWEB_Pokemon_form_Lavaravel\\pokemon_mvc\\vendor\\laravel\\framework\\src\\Illuminate\\Session\\Middleware\\StartSession.php(116): Illuminate\\Session\\Middleware\\StartSession->startSession(Object(Illuminate\\Http\\Request), Object(Illuminate\\Session\\Store))
#18 C:\\Users\\gubez\\OneDrive\\Área de Trabalho\\SPOPWEB_Pokemon_form_Lavaravel\\pokemon_mvc\\vendor\\laravel\\framework\\src\\Illuminate\\Session\\Middleware\\StartSession.php(64): Illuminate\\Session\\Middleware\\StartSession->handleStatefulRequest(Object(Illuminate\\Http\\Request), Object(Illuminate\\Session\\Store), Object(Closure))
#19 C:\\Users\\gubez\\OneDrive\\Área de Trabalho\\SPOPWEB_Pokemon_form_Lavaravel\\pokemon_mvc\\vendor\\laravel\\framework\\src\\Illuminate\\Pipeline\\Pipeline.php(209): Illuminate\\Session\\Middleware\\StartSession->handle(Object(Illuminate\\Http\\Request), Object(Closure))
#20 C:\\Users\\gubez\\OneDrive\\Área de Trabalho\\SPOPWEB_Pokemon_form_Lavaravel\\pokemon_mvc\\vendor\\laravel\\framework\\src\\Illuminate\\Cookie\\Middleware\\AddQueuedCookiesToResponse.php(37): Illuminate\\Pipeline\\Pipeline->Illuminate\\Pipeline\\{closure}(Object(Illuminate\\Http\\Request))
#21 C:\\Users\\gubez\\OneDrive\\Área de Trabalho\\SPOPWEB_Pokemon_form_Lavaravel\\pokemon_mvc\\vendor\\laravel\\framework\\src\\Illuminate\\Pipeline\\Pipeline.php(209): Illuminate\\Cookie\\Middleware\\AddQueuedCookiesToResponse->handle(Object(Illuminate\\Http\\Request), Object(Closure))
#22 C:\\Users\\gubez\\OneDrive\\Área de Trabalho\\SPOPWEB_Pokemon_form_Lavaravel\\pokemon_mvc\\vendor\\laravel\\framework\\src\\Illuminate\\Cookie\\Middleware\\EncryptCookies.php(75): Illuminate\\Pipeline\\Pipeline->Illuminate\\Pipeline\\{closure}(Object(Illuminate\\Http\\Request))
#23 C:\\Users\\gubez\\OneDrive\\Área de Trabalho\\SPOPWEB_Pokemon_form_Lavaravel\\pokemon_mvc\\vendor\\laravel\\framework\\src\\Illuminate\\Pipeline\\Pipeline.php(209): Illuminate\\Cookie\\Middleware\\EncryptCookies->handle(Object(Illuminate\\Http\\Request), Object(Closure))
#24 C:\\Users\\gubez\\OneDrive\\Área de Trabalho\\SPOPWEB_Pokemon_form_Lavaravel\\pokemon_mvc\\vendor\\laravel\\framework\\src\\Illuminate\\Pipeline\\Pipeline.php(127): Illuminate\\Pipeline\\Pipeline->Illuminate\\Pipeline\\{closure}(Object(Illuminate\\Http\\Request))
#25 C:\\Users\\gubez\\OneDrive\\Área de Trabalho\\SPOPWEB_Pokemon_form_Lavaravel\\pokemon_mvc\\vendor\\laravel\\framework\\src\\Illuminate\\Routing\\Router.php(807): Illuminate\\Pipeline\\Pipeline->then(Object(Closure))
#26 C:\\Users\\gubez\\OneDrive\\Área de Trabalho\\SPOPWEB_Pokemon_form_Lavaravel\\pokemon_mvc\\vendor\\laravel\\framework\\src\\Illuminate\\Routing\\Router.php(786): Illuminate\\Routing\\Router->runRouteWithinStack(Object(Illuminate\\Routing\\Route), Object(Illuminate\\Http\\Request))
#27 C:\\Users\\gubez\\OneDrive\\Área de Trabalho\\SPOPWEB_Pokemon_form_Lavaravel\\pokemon_mvc\\vendor\\laravel\\framework\\src\\Illuminate\\Routing\\Router.php(750): Illuminate\\Routing\\Router->runRoute(Object(Illuminate\\Http\\Request), Object(Illuminate\\Routing\\Route))
#28 C:\\Users\\gubez\\OneDrive\\Área de Trabalho\\SPOPWEB_Pokemon_form_Lavaravel\\pokemon_mvc\\vendor\\laravel\\framework\\src\\Illuminate\\Routing\\Router.php(739): Illuminate\\Routing\\Router->dispatchToRoute(Object(Illuminate\\Http\\Request))
#29 C:\\Users\\gubez\\OneDrive\\Área de Trabalho\\SPOPWEB_Pokemon_form_Lavaravel\\pokemon_mvc\\vendor\\laravel\\framework\\src\\Illuminate\\Foundation\\Http\\Kernel.php(201): Illuminate\\Routing\\Router->dispatch(Object(Illuminate\\Http\\Request))
#30 C:\\Users\\gubez\\OneDrive\\Área de Trabalho\\SPOPWEB_Pokemon_form_Lavaravel\\pokemon_mvc\\vendor\\laravel\\framework\\src\\Illuminate\\Pipeline\\Pipeline.php(170): Illuminate\\Foundation\\Http\\Kernel->Illuminate\\Foundation\\Http\\{closure}(Object(Illuminate\\Http\\Request))
#31 C:\\Users\\gubez\\OneDrive\\Área de Trabalho\\SPOPWEB_Pokemon_form_Lavaravel\\pokemon_mvc\\vendor\\laravel\\framework\\src\\Illuminate\\Foundation\\Http\\Middleware\\TransformsRequest.php(21): Illuminate\\Pipeline\\Pipeline->Illuminate\\Pipeline\\{closure}(Object(Illuminate\\Http\\Request))
#32 C:\\Users\\gubez\\OneDrive\\Área de Trabalho\\SPOPWEB_Pokemon_form_Lavaravel\\pokemon_mvc\\vendor\\laravel\\framework\\src\\Illuminate\\Foundation\\Http\\Middleware\\ConvertEmptyStringsToNull.php(31): Illuminate\\Foundation\\Http\\Middleware\\TransformsRequest->handle(Object(Illuminate\\Http\\Request), Object(Closure))
#33 C:\\Users\\gubez\\OneDrive\\Área de Trabalho\\SPOPWEB_Pokemon_form_Lavaravel\\pokemon_mvc\\vendor\\laravel\\framework\\src\\Illuminate\\Pipeline\\Pipeline.php(209): Illuminate\\Foundation\\Http\\Middleware\\ConvertEmptyStringsToNull->handle(Object(Illuminate\\Http\\Request), Object(Closure))
#34 C:\\Users\\gubez\\OneDrive\\Área de Trabalho\\SPOPWEB_Pokemon_form_Lavaravel\\pokemon_mvc\\vendor\\laravel\\framework\\src\\Illuminate\\Foundation\\Http\\Middleware\\TransformsRequest.php(21): Illuminate\\Pipeline\\Pipeline->Illuminate\\Pipeline\\{closure}(Object(Illuminate\\Http\\Request))
#35 C:\\Users\\gubez\\OneDrive\\Área de Trabalho\\SPOPWEB_Pokemon_form_Lavaravel\\pokemon_mvc\\vendor\\laravel\\framework\\src\\Illuminate\\Foundation\\Http\\Middleware\\TrimStrings.php(51): Illuminate\\Foundation\\Http\\Middleware\\TransformsRequest->handle(Object(Illuminate\\Http\\Request), Object(Closure))
#36 C:\\Users\\gubez\\OneDrive\\Área de Trabalho\\SPOPWEB_Pokemon_form_Lavaravel\\pokemon_mvc\\vendor\\laravel\\framework\\src\\Illuminate\\Pipeline\\Pipeline.php(209): Illuminate\\Foundation\\Http\\Middleware\\TrimStrings->handle(Object(Illuminate\\Http\\Request), Object(Closure))
#37 C:\\Users\\gubez\\OneDrive\\Área de Trabalho\\SPOPWEB_Pokemon_form_Lavaravel\\pokemon_mvc\\vendor\\laravel\\framework\\src\\Illuminate\\Http\\Middleware\\ValidatePostSize.php(27): Illuminate\\Pipeline\\Pipeline->Illuminate\\Pipeline\\{closure}(Object(Illuminate\\Http\\Request))
#38 C:\\Users\\gubez\\OneDrive\\Área de Trabalho\\SPOPWEB_Pokemon_form_Lavaravel\\pokemon_mvc\\vendor\\laravel\\framework\\src\\Illuminate\\Pipeline\\Pipeline.php(209): Illuminate\\Http\\Middleware\\ValidatePostSize->handle(Object(Illuminate\\Http\\Request), Object(Closure))
#39 C:\\Users\\gubez\\OneDrive\\Área de Trabalho\\SPOPWEB_Pokemon_form_Lavaravel\\pokemon_mvc\\vendor\\laravel\\framework\\src\\Illuminate\\Foundation\\Http\\Middleware\\PreventRequestsDuringMaintenance.php(110): Illuminate\\Pipeline\\Pipeline->Illuminate\\Pipeline\\{closure}(Object(Illuminate\\Http\\Request))
#40 C:\\Users\\gubez\\OneDrive\\Área de Trabalho\\SPOPWEB_Pokemon_form_Lavaravel\\pokemon_mvc\\vendor\\laravel\\framework\\src\\Illuminate\\Pipeline\\Pipeline.php(209): Illuminate\\Foundation\\Http\\Middleware\\PreventRequestsDuringMaintenance->handle(Object(Illuminate\\Http\\Request), Object(Closure))
#41 C:\\Users\\gubez\\OneDrive\\Área de Trabalho\\SPOPWEB_Pokemon_form_Lavaravel\\pokemon_mvc\\vendor\\laravel\\framework\\src\\Illuminate\\Http\\Middleware\\HandleCors.php(49): Illuminate\\Pipeline\\Pipeline->Illuminate\\Pipeline\\{closure}(Object(Illuminate\\Http\\Request))
#42 C:\\Users\\gubez\\OneDrive\\Área de Trabalho\\SPOPWEB_Pokemon_form_Lavaravel\\pokemon_mvc\\vendor\\laravel\\framework\\src\\Illuminate\\Pipeline\\Pipeline.php(209): Illuminate\\Http\\Middleware\\HandleCors->handle(Object(Illuminate\\Http\\Request), Object(Closure))
#43 C:\\Users\\gubez\\OneDrive\\Área de Trabalho\\SPOPWEB_Pokemon_form_Lavaravel\\pokemon_mvc\\vendor\\laravel\\framework\\src\\Illuminate\\Http\\Middleware\\TrustProxies.php(58): Illuminate\\Pipeline\\Pipeline->Illuminate\\Pipeline\\{closure}(Object(Illuminate\\Http\\Request))
#44 C:\\Users\\gubez\\OneDrive\\Área de Trabalho\\SPOPWEB_Pokemon_form_Lavaravel\\pokemon_mvc\\vendor\\laravel\\framework\\src\\Illuminate\\Pipeline\\Pipeline.php(209): Illuminate\\Http\\Middleware\\TrustProxies->handle(Object(Illuminate\\Http\\Request), Object(Closure))
#45 C:\\Users\\gubez\\OneDrive\\Área de Trabalho\\SPOPWEB_Pokemon_form_Lavaravel\\pokemon_mvc\\vendor\\laravel\\framework\\src\\Illuminate\\Foundation\\Http\\Middleware\\InvokeDeferredCallbacks.php(22): Illuminate\\Pipeline\\Pipeline->Illuminate\\Pipeline\\{closure}(Object(Illuminate\\Http\\Request))
#46 C:\\Users\\gubez\\OneDrive\\Área de Trabalho\\SPOPWEB_Pokemon_form_Lavaravel\\pokemon_mvc\\vendor\\laravel\\framework\\src\\Illuminate\\Pipeline\\Pipeline.php(209): Illuminate\\Foundation\\Http\\Middleware\\InvokeDeferredCallbacks->handle(Object(Illuminate\\Http\\Request), Object(Closure))
#47 C:\\Users\\gubez\\OneDrive\\Área de Trabalho\\SPOPWEB_Pokemon_form_Lavaravel\\pokemon_mvc\\vendor\\laravel\\framework\\src\\Illuminate\\Pipeline\\Pipeline.php(127): Illuminate\\Pipeline\\Pipeline->Illuminate\\Pipeline\\{closure}(Object(Illuminate\\Http\\Request))
#48 C:\\Users\\gubez\\OneDrive\\Área de Trabalho\\SPOPWEB_Pokemon_form_Lavaravel\\pokemon_mvc\\vendor\\laravel\\framework\\src\\Illuminate\\Foundation\\Http\\Kernel.php(176): Illuminate\\Pipeline\\Pipeline->then(Object(Closure))
#49 C:\\Users\\gubez\\OneDrive\\Área de Trabalho\\SPOPWEB_Pokemon_form_Lavaravel\\pokemon_mvc\\vendor\\laravel\\framework\\src\\Illuminate\\Foundation\\Http\\Kernel.php(145): Illuminate\\Foundation\\Http\\Kernel->sendRequestThroughRouter(Object(Illuminate\\Http\\Request))
#50 C:\\Users\\gubez\\OneDrive\\Área de Trabalho\\SPOPWEB_Pokemon_form_Lavaravel\\pokemon_mvc\\vendor\\laravel\\framework\\src\\Illuminate\\Foundation\\Application.php(1220): Illuminate\\Foundation\\Http\\Kernel->handle(Object(Illuminate\\Http\\Request))
#51 C:\\Users\\gubez\\OneDrive\\Área de Trabalho\\SPOPWEB_Pokemon_form_Lavaravel\\pokemon_mvc\\public\\index.php(17): Illuminate\\Foundation\\Application->handleRequest(Object(Illuminate\\Http\\Request))
#52 C:\\Users\\gubez\\OneDrive\\Área de Trabalho\\SPOPWEB_Pokemon_form_Lavaravel\\pokemon_mvc\\vendor\\laravel\\framework\\src\\Illuminate\\Foundation\\resources\\server.php(23): require_once('C:\\\\Users\\\\gubez\\\\...')
#53 {main}
"} 
